,name,gender,birth_date,party_name,post_label,elected,twitter_username,twitter_user_id,tweets_count,followers,friends,retweet,favrotes,mentioned,quoted,reweet,mentioned%,quoted%,reweet%,topic_count,topic_ratio,former_MP
0,Gerald Howarth,male,68,Conservative and Unionist Party,Aldershot,True,geraldhowarth,108935576,365,8064,161,5232,382,149,365,232,0.40821917808219177,1.0,0.6356164383561644,160,0.03248730964467005,yes
1,John Fisher,male,0,Labour Party,Aldridge-Brownhills,False,JohnFisher_1,870198840,286,611,766,6589,69,67,286,130,0.23426573426573427,1.0,0.45454545454545453,122,0.03250732747135625,no
2,Wendy Morton,female,48,Conservative and Unionist Party,Aldridge-Brownhills,True,morton_wendy,813678139,476,3822,620,51344,149,63,476,252,0.1323529411764706,1.0,0.5294117647058824,108,0.018087422542287724,no
3,Kevin Gillott,male,0,Labour Party,Amber Valley,False,KevinGillottDCC,2827093541,209,328,368,2065,296,87,209,135,0.41626794258373206,1.0,0.645933014354067,93,0.03147208121827411,no
4,Helen Harrison,female,0,Conservative and Unionist Party,Ashfield,False,helenharrisonuk,580106431,332,652,568,15119,32,66,332,123,0.19879518072289157,1.0,0.3704819277108434,116,0.027300541303836197,no
5,Victoria Prentis,female,44,Conservative and Unionist Party,Banbury,True,VictoriaPrentis,2862527512,110,3905,204,1501,32,50,110,63,0.45454545454545453,1.0,0.5727272727272728,30,0.017271157167530225,no
6,Paul Harvey,male,0,Labour Party,Basingstoke,False,CllrPaulHarvey,955161218,1005,1416,1930,30551,935,544,1004,722,0.5412935323383085,0.9990049751243781,0.718407960199005,465,0.035147392290249435,no
7,John Mann,male,55,Labour Party,Bassetlaw,True,JohnMannMP,357805905,131,22026,264,9121,1997,76,130,100,0.5801526717557252,0.9923664122137404,0.7633587786259542,45,0.023006134969325152,yes
8,Imtiaz Ameen,Male,0,Conservative and Unionist Party,Batley and Spen,False,imtiazameen,299704578,903,261,168,25427,219,423,903,586,0.4684385382059801,1.0,0.6489479512735327,404,0.034532866056927944,no
9,Jane Ellison,female,51,Conservative and Unionist Party,Battersea,True,JaneEllison,132236753,199,9979,537,6415,302,14,192,58,0.07035175879396985,0.964824120603015,0.2914572864321608,75,0.0255885363357216,yes
10,Will Martindale,male,0,Labour Party,Battersea,False,WillJMartindale,571158028,1,4025,2474,95905,0,0,1,0,0.0,1.0,0.0,0,0.0,no
11,Rushanara Ali,female,40,Labour Party,Bethnal Green and Bow,True,rushanaraali,245849058,585,22359,2137,23039,1530,51,577,245,0.08717948717948718,0.9863247863247864,0.4188034188034188,224,0.03118474175135737,yes
12,Graham Stuart,male,53,Conservative and Unionist Party,Beverley and Holderness,True,grahamstuart,14395178,1893,10233,2467,23771,794,525,1893,1138,0.277337559429477,1.0,0.601162176439514,836,0.03243075490728528,yes
13,Stefano Borella,male,0,Labour Party,Bexleyheath and Crayford,False,StefBorella,2205752888,59,1233,1215,3422,25,13,59,43,0.22033898305084745,1.0,0.7288135593220338,17,0.02526002971768202,no
14,David Evennett,male,66,Conservative and Unionist Party,Bexleyheath and Crayford,True,DavidEvennett,17298241,46,9616,498,114,19,21,46,41,0.45652173913043476,1.0,0.8913043478260869,12,0.02023608768971332,yes
15,Frank Field,male,73,Labour Party,Birkenhead,True,frankfieldteam,20688804,241,14821,257,2797,881,158,241,200,0.6556016597510373,1.0,0.8298755186721992,120,0.03576751117734724,yes
16,Luke Evans,male,32,Conservative and Unionist Party,"Birmingham, Edgbaston",False,drlukeevans,475138726,1165,1338,1683,216705,451,294,1164,665,0.25236051502145923,0.9991416309012876,0.5708154506437768,287,0.017106753293199023,no
17,Gisela Stuart,female,60,Labour Party,"Birmingham, Edgbaston",True,GiselaStuart,26584956,1163,23266,320,75795,310,155,1161,430,0.13327601031814273,0.998280309544282,0.3697334479793637,286,0.018747951491314325,yes
18,Roger Godsiff,male,69,Labour Party,"Birmingham, Hall Green",True,RogerGodsiff,236953412,451,8396,502,6758,1370,308,450,420,0.6829268292682927,0.9977827050997783,0.9312638580931264,262,0.047292418772563176,yes
19,Kieran Mullan,male,0,Conservative and Unionist Party,"Birmingham, Hodge Hill",False,KieranMullanUK,2834640796,25,119,53,1971,2,6,25,10,0.24,1.0,0.4,18,0.0694980694980695,no
20,Shabana Mahmood,female,35,Labour Party,"Birmingham, Ladywood",True,ShabanaMahmood,407741330,933,15739,549,49963,1161,245,933,506,0.26259378349410506,1.0,0.5423365487674169,371,0.02959240647682859,yes
21,Isabel Sigmac,female,0,Conservative and Unionist Party,"Birmingham, Ladywood",False,IsabelSigmac,387806419,504,623,483,3173,60,91,504,188,0.18055555555555555,1.0,0.373015873015873,110,0.014197212183789365,no
22,Charlotte Hodivala,female,0,Conservative and Unionist Party,"Birmingham, Perry Barr",False,ch4pb,2825883455,350,1115,359,10622,148,125,348,227,0.35714285714285715,0.9942857142857143,0.6485714285714286,105,0.02617801047120419,no
23,Khalid Mahmood,male,54,Labour Party,"Birmingham, Perry Barr",True,khalid4PB,3030160806,25,2821,1490,230,40,0,25,7,0.0,1.0,0.28,9,0.025210084033613446,yes
24,Alex Boulter,female,0,Conservative and Unionist Party,"Birmingham, Selly Oak",False,alex_boulter,1723301382,217,413,208,3971,154,68,217,143,0.31336405529953915,1.0,0.6589861751152074,80,0.0266844563042028,no
25,Christopher Adams,male,26,Conservative and Unionist Party,Bishop Auckland,False,C_F_Adams,711964386,242,525,725,88261,48,57,241,152,0.23553719008264462,0.9958677685950413,0.628099173553719,51,0.017763845350052248,no
26,Bob Eastwood,male,0,Conservative and Unionist Party,Blackburn,False,Bobrjeastwood,1140683299,2601,2455,2412,23786,1756,888,2600,2172,0.3414071510957324,0.9996155324875048,0.8350634371395617,719,0.019178959161354,no
27,Kate Hollern,female,60,Labour Party,Blackburn,True,Kate_HollernMP,191074455,1,4520,1649,649,0,0,1,0,0.0,1.0,0.0,0,0.0,no
28,Paul Maynard,male,40,Conservative and Unionist Party,Blackpool North and Cleveleys,True,PaulMaynardUK,15133808,1897,16883,8305,105640,1278,533,1897,1167,0.2809699525566684,1.0,0.6151818661043753,470,0.018112451346872713,yes
29,Peter Anthony,male,0,Conservative and Unionist Party,Blackpool South,False,peterfor2017,2699190565,1,675,714,799457,0,0,1,0,0.0,1.0,0.0,0,0.0,no
30,David Crausby,male,69,Labour Party,Bolton North East,True,DavidCrausby,1417840321,188,2833,125,2247,92,59,188,113,0.31382978723404253,1.0,0.601063829787234,61,0.022467771639042358,yes
31,James Daly,male,0,Conservative and Unionist Party,Bolton North East,False,cllrjamesdaly,1430228162,2138,777,698,51463,270,834,2138,933,0.3900841908325538,1.0,0.4363891487371375,853,0.02676078431372549,no
32,Tobias Ellwood,male,49,Conservative and Unionist Party,Bournemouth East,True,Tobias_Ellwood,482866177,691,34281,435,15904,1830,404,691,544,0.5846599131693199,1.0,0.7872648335745297,322,0.0329512893982808,yes
33,Phillip Lee,male,45,Conservative and Unionist Party,Bracknell,True,DrPhillipLeeMP,328576792,1357,9877,117,58550,318,458,1356,900,0.3375092114959469,0.9992630803242447,0.6632277081798084,527,0.026901480347115876,yes
34,James Walsh,male,0,Labour Party,Bracknell,False,JamesLWalsh,167454696,981,604,530,53079,353,232,981,612,0.23649337410805302,1.0,0.6238532110091743,423,0.02905020259597555,no
35,Judith Cummins,female,48,Labour Party,Bradford South,True,JudithCummins,401568431,797,7066,1157,22030,94,96,797,214,0.12045169385194479,1.0,0.2685069008782936,305,0.027036610229589576,no
36,Alan Mendoza,Male,0,Conservative and Unionist Party,Brent Central,False,AlanMPolitics,2991735843,562,243,313,22155,130,132,561,214,0.23487544483985764,0.998220640569395,0.3807829181494662,321,0.046100818612666954,no
37,Barry Gardiner,male,58,Labour Party,Brent North,True,BarryGardiner,107722321,55,43903,3842,1784,92,16,55,24,0.2909090909090909,1.0,0.43636363636363634,25,0.03506311360448808,yes
38,Luke Parker,male,0,Conservative and Unionist Party,Brent North,False,luke_r_parker,27625137,186,368,292,1965,39,88,185,111,0.4731182795698925,0.9946236559139785,0.5967741935483871,50,0.022634676324128564,no
39,Mary Macleod,female,46,Conservative and Unionist Party,Brentford and Isleworth,False,MaryMacleodUK,44548822,1698,11466,7308,92557,1489,145,1698,725,0.08539458186101295,1.0,0.42697290930506476,468,0.01944652206432311,yes
40,Clarence Mitchell,male,0,Conservative and Unionist Party,"Brighton, Pavilion",False,mitch_1uk,1053637880,2029,1954,1883,54119,1098,390,2029,1105,0.19221291276490882,1.0,0.5446032528339083,663,0.02135815991237678,no
41,Purna Sen,female,0,Labour Party,"Brighton, Pavilion",False,Purna_Sen,919914900,2460,3308,1149,78074,2041,218,2452,1488,0.0886178861788618,0.9967479674796748,0.6048780487804878,629,0.01938068094284394,no
42,Theo Clarke,female,0,Conservative and Unionist Party,Bristol East,False,theodoraclarke,61052508,1163,3065,4061,61293,425,133,1163,407,0.11435941530524506,1.0,0.34995700773860705,333,0.019687832564739268,no
43,Darren Jones,male,0,Labour Party,Bristol North West,False,darrenpjones,20392734,1509,5456,2523,63223,1077,411,1505,1218,0.27236580516898606,0.9973492379058979,0.8071570576540755,541,0.02442548196306831,no
44,Charlotte Leslie,female,37,Conservative and Unionist Party,Bristol North West,True,CharlotteLeslie,631874663,225,11831,1676,935,551,48,206,142,0.21333333333333335,0.9155555555555556,0.6311111111111111,50,0.016254876462938883,yes
45,Isobel Grant,Female,40,Conservative and Unionist Party,Bristol South,False,isogrant,259707048,649,869,674,16118,102,136,646,294,0.20955315870570107,0.9953775038520801,0.4530046224961479,196,0.02174395384956734,no
46,Chris Jones,male,0,Labour Party,Broadland,False,Chris4NorwichN,2478823452,11,545,363,85,3,6,11,10,0.5454545454545454,1.0,0.9090909090909091,7,0.06930693069306931,no
47,John Courtneidge,male,0,Labour Party,Bromley and Chislehurst,False,john72442541,1407283063,91,198,110,16,2,60,91,89,0.6593406593406593,1.0,0.978021978021978,20,0.014587892049598834,no
48,Tom Ebbutt,male,0,Labour Party,Bromsgrove,False,tomebbutt,68701451,2182,1098,319,169395,703,666,2177,1656,0.30522456461961506,0.9977085242896425,0.7589367552703942,495,0.018637749915282956,no
49,Sajid Javid,male,46,Conservative and Unionist Party,Bromsgrove,True,sajidjavid,20052899,717,42656,609,20496,4575,260,716,489,0.36262203626220363,0.99860529986053,0.6820083682008368,279,0.03217250922509225,yes
50,Nick Palmer,male,65,Labour Party,Broxtowe,False,Nick4Broxtowe,65433010,622,1272,353,29813,300,244,621,432,0.39228295819935693,0.9983922829581994,0.6945337620578779,204,0.026020408163265306,no
51,Andrew Griffiths,male,45,Conservative and Unionist Party,Burton,True,AndrewGriffiths,222477026,277,12368,699,9823,367,66,276,155,0.23826714801444043,0.9963898916967509,0.5595667870036101,77,0.02193107376815722,yes
52,Jon Wheale,male,0,Labour Party,Burton,False,JonWheale,261134741,2458,1705,1547,42840,1277,406,2458,1655,0.16517493897477625,1.0,0.6733116354759967,962,0.028756763220040057,no
53,James Frith,male,0,Labour Party,Bury North,False,BuryNorthLabour,2375470213,28,729,1029,128,0,6,28,5,0.21428571428571427,1.0,0.17857142857142858,12,0.032,no
54,David Nuttall,male,53,Conservative and Unionist Party,Bury North,True,DNuttall,102958885,883,7310,710,5320,207,199,883,602,0.22536806342015855,1.0,0.681766704416761,304,0.025198938992042442,yes
55,Ivan Lewis,male,48,Labour Party,Bury South,True,IvanLewis_MP,249709671,200,13812,2647,5695,243,30,193,149,0.15,0.965,0.745,80,0.028109627547434995,yes
56,Jo Churchill,female,51,Conservative and Unionist Party,Bury St Edmunds,True,Jochurchill4,2855674449,405,4535,545,4263,232,108,405,236,0.26666666666666666,1.0,0.582716049382716,89,0.01587018544935806,no
57,William Edwards,male,64,Labour Party,Bury St Edmunds,False,billburysted,117110732,8,68,5,5,2,2,8,7,0.25,1.0,0.875,2,0.017094017094017096,no
58,Harriet Harman,female,65,Labour Party,Camberwell and Peckham,True,HarrietHarman,19977759,675,136831,1280,33764,3383,59,675,363,0.0874074074074074,1.0,0.5377777777777778,154,0.018814905314599877,yes
59,Naomi Newstead,female,0,Conservative and Unionist Party,Camberwell and Peckham,False,NaomiNewstead,350291997,299,386,77,1482,148,66,299,201,0.22073578595317725,1.0,0.6722408026755853,121,0.02862550272060563,no
60,Amanda Milling,female,40,Conservative and Unionist Party,Cannock Chase,True,amandamilling,381433782,321,4109,1153,10168,165,86,321,145,0.26791277258566976,1.0,0.4517133956386293,103,0.02432687765706188,no
61,Janos Toth,male,0,Labour Party,Cannock Chase,False,JanosToth1,726223878,1021,2008,2387,25974,626,488,1019,641,0.4779627815866797,0.9980411361410382,0.6278158667972575,474,0.03928393833913476,no
62,Lee Barbara Sherriff,female,0,Labour Party,Carlisle,False,MissleeCarlisle,19443357,877,4240,2854,76823,900,145,877,323,0.1653363740022805,1.0,0.36830102622576966,266,0.02043324627438931,no
63,John Stevenson,male,52,Conservative and Unionist Party,Carlisle,True,John4Carlisle,222419520,184,6229,216,898,47,64,184,66,0.34782608695652173,1.0,0.358695652173913,56,0.02315963606286187,yes
64,Matthew Maxwell Scott,male,39,Conservative and Unionist Party,Carshalton and Wallington,False,mmaxwellscott,1040075106,1090,1182,757,49361,511,181,1090,910,0.16605504587155964,1.0,0.8348623853211009,251,0.018209518282066163,no
65,Siobhan Tate,female,0,Labour Party,Carshalton and Wallington,False,siobhan4candw,1899452624,396,403,379,8597,66,65,395,184,0.16414141414141414,0.9974747474747475,0.46464646464646464,140,0.026435045317220542,no
66,Jack Simon Abbott,male,0,Labour Party,Central Suffolk and North Ipswich,False,jackabbott90,347347870,1,952,1920,95905,0,0,1,0,0.0,1.0,0.0,0,0.0,no
67,Daniel Poulter,male,37,Conservative and Unionist Party,Central Suffolk and North Ipswich,True,drdanpoulter,2789756486,596,5622,986,26557,563,195,596,354,0.3271812080536913,1.0,0.5939597315436241,319,0.038988022488389146,no
68,Sean Kelly-Walsh,male,24,Labour Party,Charnwood,False,seankellywalsh,380897876,1364,1519,1556,155884,340,266,1359,799,0.19501466275659823,0.9963343108504399,0.5857771260997068,360,0.020835744877879384,no
69,Tracey Crouch,female,40,Conservative and Unionist Party,Chatham and Aylesford,True,tracey_crouch,62613162,252,20756,747,10130,426,67,251,182,0.26587301587301587,0.996031746031746,0.7222222222222222,36,0.010123734533183352,yes
70,Chris Vince,male,0,Labour Party,Chelmsford,False,ChrisJVince,1704239983,966,1424,1119,6456,214,243,966,584,0.2515527950310559,1.0,0.6045548654244306,350,0.02643903912977791,no
71,Alexandra Sanderson,female,0,Labour Party,Chelsea and Fulham,False,_AlexSanderson,1679426635,1,928,799,95905,0,0,1,0,0.0,1.0,0.0,0,0.0,no
72,Mark Vivis,male,0,Conservative and Unionist Party,Chesterfield,False,MarkVivis,155150437,143,539,1055,1568,40,64,143,97,0.44755244755244755,1.0,0.6783216783216783,55,0.033659730722154224,no
73,Bilal Mahmood,male,0,Labour Party,Chingford and Woodford Green,False,bilal_labour,1010045504,198,1766,1015,86364,58,49,198,142,0.2474747474747475,1.0,0.7171717171717171,60,0.019373587342589604,no
74,Amy Trevethan,female,0,Labour Party,Chipping Barnet,False,AmyTrevethan,2288547139,359,1035,1303,4495,273,79,359,202,0.2200557103064067,1.0,0.5626740947075209,156,0.032547465053202586,no
75,Lindsay Hoyle,male,58,Labour Party,Chorley,True,LindsayHoyle_MP,609096352,811,8660,1651,10971,927,250,811,638,0.3082614056720099,1.0,0.7866831072749692,248,0.0193553422305471,yes
76,Giles Watling,male,62,Conservative and Unionist Party,Clacton,False,GilesWatling,37891233,536,1212,146,4126,674,230,531,378,0.4291044776119403,0.9906716417910447,0.7052238805970149,129,0.016666666666666666,no
77,Peter Keith,male,0,Labour Party,Cleethorpes,False,MrPeterKeith,2291166992,786,549,533,20047,273,219,786,468,0.2786259541984733,1.0,0.5954198473282443,313,0.029403475810239547,no
78,Martin Vickers,Male,65,Conservative and Unionist Party,Cleethorpes,True,MartinVickers,831250927,232,5724,227,537,143,166,231,217,0.7155172413793104,0.9956896551724138,0.9353448275862069,89,0.03338334583645911,yes
79,Darren Price,male,45,Labour Party,Congleton,False,DPriceLabour,1288909302,1783,1677,1624,35617,1048,677,1774,1470,0.3796971396522715,0.9949523275378576,0.8244531688166012,504,0.020050125313283207,no
80,Parvez Akhtar,male,0,Conservative and Unionist Party,Coventry North West,False,akhtar4coventry,2966536337,5,32,20,0,0,5,5,5,1.0,1.0,1.0,2,0.08333333333333333,no
81,Gary Ridley,male,0,Conservative and Unionist Party,Coventry South,False,CllrGaryRidley,273453993,474,484,196,37940,53,172,474,312,0.3628691983122363,1.0,0.6582278481012658,116,0.016714697406340056,no
82,Chris Oxlade,male,0,Labour Party,Crawley,False,chrisoxlade,20671658,2439,3846,3236,127438,599,190,2439,918,0.07790077900779008,1.0,0.3763837638376384,542,0.01644467368548803,no
83,Sarah Jones,female,43,Labour Party,Croydon Central,False,LabourSJ,1337725045,1859,5898,2005,44197,2232,442,1858,766,0.23776223776223776,0.9994620763851533,0.4120494889725659,650,0.0275388721772656,no
84,Emily Benn,female,26,Labour Party,Croydon South,False,Emily_Benn,97694385,1,2813,327,95905,0,0,1,0,0.0,1.0,0.0,0,0.0,no
85,Chris Philp,male,39,Conservative and Unionist Party,Croydon South,True,CPhilpOfficial,89307992,534,4690,1225,4102,376,215,533,459,0.40262172284644193,0.99812734082397,0.8595505617977528,252,0.0343558282208589,no
86,Jenny Chapman,female,42,Labour Party,Darlington,True,JennyChapman,20856796,338,14786,2023,8662,241,134,335,245,0.39644970414201186,0.9911242603550295,0.7248520710059172,73,0.01704810836057917,yes
87,Peter Malcolm Cuthbertson,male,32,Conservative and Unionist Party,Darlington,False,pmcuthbertson,64685665,251,1187,1860,12478,61,85,251,190,0.3386454183266932,1.0,0.7569721115537849,90,0.028081123244929798,no
88,Abigail Campbell,female,42,Labour Party,Daventry,False,CampbellAbigail,304883852,852,1627,2926,29520,339,213,852,439,0.25,1.0,0.5152582159624414,287,0.024256254225828264,no
89,Chris Heaton-Harris,male,48,Conservative and Unionist Party,Daventry,True,chhcalling,80943076,924,13330,121,50168,2370,515,923,634,0.5573593073593074,0.9989177489177489,0.6861471861471862,202,0.015859307529245505,yes
90,Lana Hempsall,female,0,Conservative and Unionist Party,Denton and Reddish,False,LanaHempsall,823288302,483,777,432,3066,99,122,483,310,0.2525879917184265,1.0,0.6418219461697723,112,0.021188043889519486,no
91,Evonne Williams,female,0,Conservative and Unionist Party,Derby South,False,EvonneWilliams,507419722,110,193,111,2797,12,25,110,29,0.22727272727272727,1.0,0.2636363636363636,44,0.030323914541695383,no
92,Andy Botham,male,48,Labour Party,Derbyshire Dales,False,Roobotham,114873829,1191,478,258,159898,157,229,1191,402,0.19227539882451722,1.0,0.33753148614609574,481,0.028018873419933595,no
93,Patrick McLoughlin,male,58,Conservative and Unionist Party,Derbyshire Dales,True,Patrick4Dales,3144626321,1,4626,355,1,1,1,0,1,1.0,0.0,1.0,0,0.0,yes
94,Simon Reevell,male,49,Conservative and Unionist Party,Dewsbury,False,simonreevell,22282116,381,2613,29,596,205,324,381,373,0.8503937007874016,1.0,0.979002624671916,87,0.015474919957310566,yes
95,Charlie Elphicke,male,44,Conservative and Unionist Party,Dover,True,CharlieElphicke,54515428,919,11227,1653,70324,928,371,919,592,0.40369967355821545,1.0,0.6441784548422198,463,0.04102427786638313,yes
96,Clair Hawkins,female,39,Labour Party,Dover,False,ClairHawkins,409331274,2905,2187,2100,89614,1964,687,2902,1815,0.23648881239242686,0.9989672977624785,0.6247848537005164,1217,0.02897688040191433,no
97,Les Jones,male,0,Conservative and Unionist Party,Dudley North,False,CouncillorLes,59064380,1,1091,733,319553,0,0,1,0,0.0,1.0,0.0,0,0.0,no
98,Natasha Millward,female,0,Labour Party,Dudley South,False,natashamillward,248908429,226,1475,865,33582,178,36,226,95,0.1592920353982301,1.0,0.42035398230088494,63,0.01883408071748879,no
99,Mike Wood,male,39,Conservative and Unionist Party,Dudley South,True,mikejwood,14728535,764,2760,1895,102656,94,144,763,435,0.18848167539267016,0.9986910994764397,0.569371727748691,240,0.021943860290756147,no
100,Virendra Sharma,male,68,Labour Party,"Ealing, Southall",True,VirendraSharma,23452598,735,13180,543,12492,468,278,732,371,0.3782312925170068,0.9959183673469387,0.5047619047619047,277,0.03076068850638534,yes
101,James Symes,male,0,Conservative and Unionist Party,"Ealing, Southall",False,JSymesUK,18189407,527,776,1589,24366,214,69,524,346,0.13092979127134724,0.9943074003795066,0.6565464895635673,142,0.020236568334045888,no
102,Samir Jassal,male,0,Conservative and Unionist Party,East Ham,False,samirjassal,2718842805,166,403,143,3448,19,15,166,46,0.09036144578313253,1.0,0.27710843373493976,74,0.038262668045501554,no
103,Kevin Hickson,male,0,Labour Party,East Yorkshire,False,Kevin_Hickson,2337358057,115,604,1001,5534,78,48,115,65,0.41739130434782606,1.0,0.5652173913043478,47,0.03177822853279243,no
104,Greg Knight,male,66,Conservative and Unionist Party,East Yorkshire,True,GregKnight,15453062,687,5372,183,5999,264,474,687,640,0.6899563318777293,1.0,0.9315866084425036,173,0.02076581442803985,yes
105,James Laing,male,48,Labour Party,Eddisbury,False,eddisburylabour,2887109993,771,319,232,29524,173,109,771,409,0.14137483787289234,1.0,0.5304798962386511,311,0.029185435435435437,no
106,Katherine Fletcher,female,39,Conservative and Unionist Party,Ellesmere Port and Neston,False,Fletch_1976,2318830022,305,457,314,22824,102,109,305,182,0.35737704918032787,1.0,0.5967213114754099,89,0.020296465222348917,no
107,Veronica Marie King,female,0,Labour Party,Elmet and Rothwell,False,vron_king,72528291,2387,2839,2490,55981,1999,337,2375,1623,0.14118139924591538,0.9949727691663176,0.6799329702555509,663,0.01921237937929236,no
108,Alec Shelbrooke,male,39,Conservative and Unionist Party,Elmet and Rothwell,True,AlecShelbrooke,130092487,839,10571,442,66743,462,205,839,389,0.24433849821215733,1.0,0.4636471990464839,368,0.0318973736673312,yes
109,Spencer Drury,male,46,Conservative and Unionist Party,Eltham,False,Spencer_Drury,1513768532,881,928,721,22825,338,347,878,590,0.3938706015891033,0.996594778660613,0.6696935300794552,386,0.03389830508474576,no
110,Clive Efford,male,57,Labour Party,Eltham,True,CliveEfford,393436815,1637,10288,2368,67303,1787,335,1631,797,0.20464263897373244,0.996334758704948,0.4868662186927306,713,0.03152077807250221,yes
111,Joan Ryan,female,60,Labour Party,Enfield North,True,joanryanEnfield,167867714,953,6864,705,14013,659,159,951,440,0.16684155299055614,0.9979013641133263,0.4616998950682057,386,0.0325683428957138,no
112,David Burrowes,male,46,Conservative and Unionist Party,"Enfield, Southgate",True,DavidBurrowesUK,41901500,1231,10075,1014,112715,951,323,1231,844,0.26238830219333875,1.0,0.685621445978879,412,0.027248677248677248,yes
113,Bambos Charalambous,male,63,Labour Party,"Enfield, Southgate",False,BambosMP,102023574,668,3258,956,9439,683,160,667,475,0.23952095808383234,0.9985029940119761,0.7110778443113772,381,0.05606238964096527,no
114,Catherine Atkinson,female,34,Labour Party,Erewash,False,catkinson80,176721099,1037,2454,2029,22541,568,180,1037,508,0.17357762777242045,1.0,0.48987463837994216,405,0.02981229297018771,no
115,Jack Lopresti,male,46,Conservative and Unionist Party,Filton and Bradley Stoke,True,JackLopresti,1067829343,297,3407,216,4668,126,161,297,249,0.5420875420875421,1.0,0.8383838383838383,112,0.023275145469659187,yes
116,Sarah Sackman,female,0,Labour Party,Finchley and Golders Green,False,sarahsackman,1151672852,1055,3821,1037,39021,1369,185,1055,490,0.17535545023696683,1.0,0.46445497630331756,354,0.023640977694670762,no
117,Jed Sullivan,male,42,Labour Party,Fylde,False,sullivan_jed,2859889698,1084,706,702,42884,348,280,1080,693,0.25830258302583026,0.996309963099631,0.6392988929889298,347,0.026283896379336463,no
118,Edward Leigh,male,65,Conservative and Unionist Party,Gainsborough,True,EdwardLeighMP,474180693,123,2940,138,328,132,66,123,108,0.5365853658536586,1.0,0.8780487804878049,49,0.028942705256940343,yes
119,Carolyn Abbott,female,0,Conservative and Unionist Party,Gedling,False,Abbott4Gedling,20440432,187,767,2245,16649,46,33,187,56,0.17647058823529413,1.0,0.2994652406417112,81,0.03307472437729685,no
120,Vernon Coaker,male,62,Labour Party,Gedling,True,Vernon_Coaker,90432690,1623,18253,611,42195,1802,394,1623,700,0.24276032039433149,1.0,0.4313000616142945,670,0.03230005302993781,yes
121,Rehman Chishti,male,37,Conservative and Unionist Party,Gillingham and Rainham,True,Rehman_Chishti,2863865170,588,8213,93,825,808,338,588,572,0.5748299319727891,1.0,0.9727891156462585,322,0.045531674208144794,yes
122,Paul Clark,male,58,Labour Party,Gillingham and Rainham,False,PaulClark4GandR,1893132558,1570,805,427,68428,557,154,1569,509,0.0980891719745223,0.9993630573248408,0.32420382165605094,595,0.02771696091675595,no
123,Sophy Gardner,female,0,Labour Party,Gloucester,False,sophygardner,238143703,2457,2092,2242,42067,971,480,2457,1693,0.19536019536019536,1.0,0.689051689051689,669,0.020815183571873057,no
124,Tanmanjit Singh Dhesi,male,37,Labour Party,Gravesham,False,TanDhesi,1865540413,833,6882,4273,22249,1036,453,833,499,0.5438175270108043,1.0,0.5990396158463386,410,0.03836436792364555,no
125,Lara Norris,female,0,Labour Party,Great Yarmouth,False,lara_norris,237346888,1695,1706,1173,218698,1049,410,1691,981,0.24188790560471976,0.9976401179941002,0.5787610619469027,424,0.019442406456346296,no
126,Matt Hartley,male,0,Conservative and Unionist Party,Greenwich and Woolwich,False,MattHartley100,88922768,508,1979,2105,9710,397,100,506,297,0.1968503937007874,0.9960629921259843,0.5846456692913385,176,0.024106286810026023,no
127,Amy Gray,female,0,Conservative and Unionist Party,Hackney North and Stoke Newington,False,hackneyamyg,2303764736,2073,1697,2401,49122,1216,697,2068,1683,0.33622768933912206,0.9975880366618427,0.8118668596237337,574,0.019686524676750007,no
128,James Morris,male,48,Conservative and Unionist Party,Halesowen and Rowley Regis,True,JamesMorris,155892458,1052,5256,1548,3764,330,311,1052,613,0.2956273764258555,1.0,0.5826996197718631,367,0.026340343070408383,yes
129,Stephanie Peacock,female,0,Labour Party,Halesowen and Rowley Regis,False,Steph_Peacock,51062977,1885,3896,1941,76259,765,383,1885,1104,0.20318302387267906,1.0,0.5856763925729443,610,0.02769957315411861,no
130,Philip Allott,male,0,Conservative and Unionist Party,Halifax,False,Allott4action,103020691,461,1088,1398,6259,208,226,461,387,0.49023861171366595,1.0,0.8394793926247288,205,0.03454085930918281,no
131,Holly Walker-Lynch,female,29,Labour Party,Halifax,True,HollyLynch5,382181117,204,8544,1530,1755,332,45,192,134,0.22058823529411764,0.9411764705882353,0.6568627450980392,74,0.030278232405891982,no
132,Edward Hart,male,0,Labour Party,Haltemprice and Howden,False,XanderEdz77,2774189083,167,124,146,2868,40,62,167,92,0.3712574850299401,1.0,0.5508982035928144,89,0.04476861167002012,no
133,Matthew Lloyd,male,0,Conservative and Unionist Party,Halton,False,mdlloyd,12004752,32,97,106,1075,2,16,30,21,0.5,0.9375,0.65625,20,0.06097560975609756,no
134,Derek Twigg,male,56,Labour Party,Halton,True,DerekTwiggMP,2245759171,203,3234,344,3784,205,143,203,176,0.7044334975369458,1.0,0.8669950738916257,75,0.027066041140382534,yes
135,Simon Marcus,male,0,Conservative and Unionist Party,Hampstead and Kilburn,False,SimonMarcus,45577685,690,1147,1059,15683,338,130,690,271,0.18840579710144928,1.0,0.3927536231884058,176,0.018557570645297342,no
136,Sundip Meghani,male,0,Labour Party,Harborough,False,Sundip,17452196,1257,3252,451,647696,1039,501,1256,887,0.39856801909307876,0.9992044550517104,0.705648369132856,456,0.02476914720260728,no
137,Uma Kumaran,female,0,Labour Party,Harrow East,False,Uma_Kumaran,404115169,1400,5718,1688,67832,2187,285,1393,717,0.20357142857142857,0.995,0.5121428571428571,476,0.022619273902299942,no
138,Edward Browne,male,0,Labour Party,Harwich and North Essex,False,ECarlssonBrowne,2336728740,114,190,193,16799,24,36,114,80,0.3157894736842105,1.0,0.7017543859649122,56,0.04145077720207254,no
139,Bernard Jenkin,male,56,Conservative and Unionist Party,Harwich and North Essex,True,bernardjenkin,222762589,1023,15261,521,21373,617,248,1022,644,0.24242424242424243,0.9990224828934506,0.6295210166177908,355,0.025737693032697746,yes
140,Tony Breslin,male,53,Labour Party,Hemel Hempstead,False,UKpolicywatch,204347416,332,1664,2713,648,73,115,330,315,0.3463855421686747,0.9939759036144579,0.9487951807228916,152,0.02903533906399236,no
141,Chris Pearson,male,0,Conservative and Unionist Party,Hemsworth,False,Pearson4Halifax,270846567,1253,750,418,50194,247,327,1253,586,0.26097366320830007,1.0,0.4676775738228252,602,0.0374331550802139,no
142,Jon Trickett,male,65,Labour Party,Hemsworth,True,jon_trickett,191807697,702,15958,760,33549,2094,279,680,482,0.3974358974358974,0.9686609686609686,0.6866096866096866,256,0.02712151710986333,yes
143,Andrew Dismore,male,61,Labour Party,Hendon,False,Andrew_Dismore,241922595,798,7092,5191,8361,370,280,798,410,0.3508771929824561,1.0,0.5137844611528822,278,0.029030910609857977,no
144,Matthew Offord,male,46,Conservative and Unionist Party,Hendon,True,Offord4Hendon,236395049,300,5778,49,7820,403,155,300,175,0.5166666666666667,1.0,0.5833333333333334,123,0.03391232423490488,yes
145,John Howell,male,60,Conservative and Unionist Party,Henley,True,JHowellUK,993161678,1284,3311,152,1589,186,1138,1284,1246,0.8862928348909658,1.0,0.9704049844236761,684,0.04262478968031408,yes
146,Katherine Chibah,female,0,Labour Party,Hertford and Stortford,False,ChibahKatherine,1544053374,619,1266,1848,16661,205,127,616,324,0.20516962843295639,0.9951534733441034,0.5234248788368336,275,0.03600418957842367,no
147,Mark Prisk,male,53,Conservative and Unionist Party,Hertford and Stortford,True,PriskMark,463888230,1025,5165,396,28106,301,323,1025,665,0.3151219512195122,1.0,0.6487804878048781,343,0.02763454721237512,no
148,Richard Raymond Butler,male,0,Labour Party,Hertsmere,False,CllrRButler,323877534,923,630,431,18642,132,207,923,430,0.22426868905742145,1.0,0.4658721560130011,311,0.029855044638571564,no
149,Liam Carr,male,0,Labour Party,Hexham,False,LiamRCarr,202738931,2690,2034,1676,13334,2974,1440,2690,2259,0.5353159851301115,1.0,0.8397769516728625,1183,0.030428519985595967,no
150,Will Blair,male,0,Conservative and Unionist Party,Holborn and St Pancras,False,will_blair,83405429,1783,1420,1291,55309,1000,352,1781,1218,0.19742007851934942,0.9988782950084127,0.6831183398766124,487,0.018366269422235633,no
151,Keir Starmer,male,53,Labour Party,Holborn and St Pancras,True,Keir_Starmer,2425571623,363,57863,302,8189,1603,60,361,198,0.1652892561983471,0.9944903581267218,0.5454545454545454,140,0.027640671273445213,no
152,Jonathan Djanogly,male,50,Conservative and Unionist Party,Huntingdon,True,JDjanogly,131120978,1148,10091,1028,119141,450,335,1145,708,0.29181184668989546,0.9973867595818815,0.6167247386759582,318,0.021072162215890266,yes
153,Nik Johnson,male,0,Labour Party,Huntingdon,False,CambridgeMagpie,50771677,631,1212,701,15799,196,149,630,332,0.23613312202852615,0.9984152139461173,0.526148969889065,291,0.03445417949325124,no
154,Kevin Horkin,male,0,Conservative and Unionist Party,Hyndburn,False,KevinHorkin,467332789,1521,12793,3111,5908,630,1044,1521,1136,0.6863905325443787,1.0,0.7468770545693623,220,0.011655629139072848,no
155,David Ellesmere,male,0,Labour Party,Ipswich,False,davidellesmere,133844829,281,1020,354,2905,110,76,281,149,0.2704626334519573,1.0,0.5302491103202847,116,0.03405754550792719,no
156,Ben Gummer,male,37,Conservative and Unionist Party,Ipswich,True,gummerben,28087982,113,16072,440,6470,120,21,113,105,0.18584070796460178,1.0,0.9292035398230089,14,0.010144927536231883,yes
157,Alex Burghart,male,0,Conservative and Unionist Party,Islington North,False,alexburghart,22474050,420,1626,973,14466,77,38,420,198,0.09047619047619047,1.0,0.4714285714285714,111,0.018813559322033897,no
158,Mark Lim,male,0,Conservative and Unionist Party,Islington South and Finsbury,False,DrMarkLim,195140602,280,355,578,299606,49,23,278,125,0.08214285714285714,0.9928571428571429,0.44642857142857145,69,0.01706653475142221,no
159,John Grogan,male,54,Labour Party,Keighley,False,KeighleyLabour,913196785,585,1400,1158,9531,288,216,585,367,0.36923076923076925,1.0,0.6273504273504273,257,0.03294871794871795,no
160,Bally Singh,male,0,Labour Party,Kenilworth and Southam,False,BallySingh74,283682540,1194,1500,1885,96903,373,232,1194,579,0.19430485762144054,1.0,0.4849246231155779,313,0.021390008884029248,no
161,Victoria Borwick,female,59,Conservative and Unionist Party,Kensington,True,backborwick,3076039949,91,3051,273,437,137,42,91,63,0.46153846153846156,1.0,0.6923076923076923,16,0.014719411223551058,no
162,Rhea Keehn,female,0,Labour Party,Kettering,False,RheaKeehn,378200785,724,1065,1520,120454,203,159,724,425,0.21961325966850828,1.0,0.5870165745856354,258,0.027777777777777776,no
163,Chris Skidmore,male,34,Conservative and Unionist Party,Kingswood,True,CSkidmoreUK,436576452,1040,8258,515,2823,303,427,1040,679,0.41057692307692306,1.0,0.6528846153846154,483,0.035319926873857405,yes
164,Cat Smith,female,30,Labour Party,Lancaster and Fleetwood,True,CatSmithMP,31756041,1521,26504,2276,36540,1024,366,1520,973,0.2406311637080868,0.9993425378040762,0.6397107166337935,477,0.02145555955379633,no
165,Hilary Benn,male,62,Labour Party,Leeds Central,True,hilarybennmp,408454349,1473,72696,299,91105,7868,644,1473,1114,0.43720298710115413,1.0,0.7562797012898846,602,0.03021936649766578,yes
166,Nicola Wilson,female,0,Conservative and Unionist Party,Leeds Central,False,NicolaFWilson,2975603489,202,796,1072,23734,82,45,202,78,0.22277227722772278,1.0,0.38613861386138615,69,0.028313500205170292,no
167,Ryan Stephenson,male,0,Conservative and Unionist Party,Leeds East,False,Stephenson_Ryan,240030844,122,660,315,1397,38,26,122,77,0.21311475409836064,1.0,0.6311475409836066,60,0.04048582995951417,no
168,Alex Traves,male,0,Conservative and Unionist Party,Leeds West,False,aptsw1,541791988,715,761,634,22691,260,372,715,602,0.5202797202797202,1.0,0.8419580419580419,250,0.02777469170092212,no
169,Kishan Devani,Male,0,Conservative and Unionist Party,Leicester East,False,Kishan_Devani,1342967244,688,3468,3322,97892,390,35,688,205,0.050872093023255814,1.0,0.29796511627906974,286,0.03054576524618178,no
170,Leon Hadji-Nikolaou,Male,0,Conservative and Unionist Party,Leicester South,False,Leon_Leicester,2826910860,31,123,78,1593,18,19,31,27,0.6129032258064516,1.0,0.8709677419354839,5,0.015151515151515152,no
171,Paul Bessant,Male,0,Conservative and Unionist Party,Leicester West,False,PaulForWest,2717669531,2,52,4,2,0,1,2,1,0.5,1.0,0.5,1,0.07692307692307693,no
172,Louisa Townson,female,0,Conservative and Unionist Party,Leigh,False,LDTownson,458314051,2818,878,990,128077,1043,906,2809,1918,0.32150461320085166,0.9968062455642299,0.680624556422995,698,0.017143137832793004,no
173,Peter Fortune,male,0,Conservative and Unionist Party,Lewisham East,False,PeterTFortune,989608254,1127,744,679,401649,187,189,1126,444,0.16770186335403728,0.9991126885536823,0.3939662821650399,357,0.022442949644810462,no
174,Russell Jackson,male,0,Conservative and Unionist Party,Lewisham West and Penge,False,russellantony,33881503,130,276,234,3027,23,22,130,69,0.16923076923076924,1.0,0.5307692307692308,44,0.023554603854389723,no
175,Bim Afolami,male,0,Conservative and Unionist Party,"Lewisham, Deptford",False,BimAfolami,311956971,191,1854,899,10383,42,69,191,104,0.3612565445026178,1.0,0.5445026178010471,61,0.023132347364429276,no
176,Vicky Foxcroft,female,38,Labour Party,"Lewisham, Deptford",True,vickyfoxcroft,174396155,1553,8554,1782,51998,596,246,1553,726,0.15840309079201545,1.0,0.46748229233741145,532,0.02606948596069976,no
177,John Cryer,male,51,Labour Party,Leyton and Wanstead,True,JohnCryerMP,2979904613,46,2588,115,102,42,15,46,39,0.32608695652173914,1.0,0.8478260869565217,19,0.03171953255425709,yes
178,Chris Worsey,male,0,Labour Party,Lichfield,False,ChrisWorsey,264829864,1778,1371,376,728636,479,750,1772,1351,0.421822272215973,0.9966254218222722,0.7598425196850394,459,0.021105389001287476,no
179,Nicky Morgan,female,43,Conservative and Unionist Party,Loughborough,True,NickyMorgan01,34940114,498,46270,932,6951,2490,141,497,392,0.28313253012048195,0.9979919678714859,0.7871485943775101,182,0.027982779827798277,yes
180,Matthew O'Callaghan,male,0,Labour Party,Loughborough,False,LoughbroMatthew,339547394,1405,1012,1171,37116,516,669,1391,908,0.4761565836298932,0.9900355871886121,0.6462633451957296,580,0.034153809916382054,no
181,Dean Russell,Male,0,Conservative and Unionist Party,Luton North,False,dean_r,17963897,2278,3161,2282,115399,543,1234,2252,1857,0.5417032484635645,0.9885864793678666,0.815188762071993,615,0.02322419848193044,no
182,Tim Roca,male,0,Labour Party,Macclesfield,False,timroca85,351600865,695,1435,2528,140453,217,190,695,396,0.2733812949640288,1.0,0.5697841726618705,282,0.02894088669950739,no
183,David Rutley,male,54,Conservative and Unionist Party,Macclesfield,True,DavidRutley,606306570,1153,7895,1130,9496,425,243,1153,665,0.21075455333911536,1.0,0.5767562879444926,420,0.02582073035780155,yes
184,Charles Smith,male,0,Labour Party,Maidenhead,False,charlie_rsmith,784431038,824,1171,392,68343,584,149,821,361,0.1808252427184466,0.9963592233009708,0.4381067961165049,357,0.032052433111869276,no
185,Tom McNeil,male,0,Labour Party,Meriden,False,mcneil_tom,1652897768,1522,1573,2162,56279,507,463,1520,872,0.30420499342969776,0.9986859395532195,0.5729303547963206,826,0.04778986345753298,no
186,Caroline Spelman,female,57,Conservative and Unionist Party,Meriden,True,spelmanc,453133872,362,4444,865,17926,197,116,361,224,0.32044198895027626,0.9972375690607734,0.6187845303867403,140,0.027855153203342618,yes
187,Charlynne Pullen,female,30,Labour Party,Mid Bedfordshire,False,CharlynnePullen,197804641,622,1755,2165,4874,245,214,622,481,0.3440514469453376,1.0,0.7733118971061094,212,0.022469528351881294,no
188,Nicola Heaton,female,0,Labour Party,Mid Derbyshire,False,nicolaheaton,18678625,642,1802,1023,130631,105,116,642,153,0.1806853582554517,1.0,0.2383177570093458,223,0.026158357771260996,no
189,Pauline Latham,female,67,Conservative and Unionist Party,Mid Derbyshire,True,Pauline_Latham,19087569,1409,10972,613,29116,561,804,1409,1029,0.5706174591909156,1.0,0.730305180979418,629,0.03285968028419183,yes
190,Will Goodhand,male,0,Conservative and Unionist Party,Middlesbrough South and East Cleveland,False,WillGoodhand4MP,1654791650,587,834,888,14960,219,175,587,301,0.2981260647359455,1.0,0.5127768313458262,191,0.023600642530581986,no
191,Emily Darlington,female,0,Labour Party,Milton Keynes North,False,emily4MK,494082207,2803,1683,945,160787,722,495,2801,1085,0.17659650374598646,0.9992864787727435,0.38708526578665714,1112,0.030365091067966466,no
192,Mark Lancaster,male,45,Conservative and Unionist Party,Milton Keynes North,True,MarkLancasterMK,175005016,1304,6638,391,10428,533,743,1304,963,0.5697852760736196,1.0,0.7384969325153374,490,0.025438687571384073,yes
193,Paul Holmes,male,27,Conservative and Unionist Party,Mitcham and Morden,False,pauljholmes,172090468,2304,2348,2626,37219,877,615,2303,1773,0.2669270833333333,0.9995659722222222,0.76953125,549,0.019629576659038903,no
194,David Morris,male,49,Conservative and Unionist Party,Morecambe and Lunesdale,True,davidmorrisml,187632184,1992,7912,997,28696,617,860,1992,1382,0.43172690763052207,1.0,0.6937751004016064,508,0.021312300721597583,yes
195,Robert Jenrick,Male,33,Conservative and Unionist Party,Newark,True,RobertJenrick,2323710210,1218,5891,541,10000,2051,496,1217,936,0.4072249589490969,0.9991789819376026,0.7684729064039408,467,0.027045809926449296,yes
196,Michael Payne,male,0,Labour Party,Newark,False,MichaelPayneUK,40297217,1674,2984,1919,209721,1383,315,1674,1013,0.1881720430107527,1.0,0.6051373954599761,654,0.029384014018061733,no
197,Laetitia Glossop,female,0,Conservative and Unionist Party,North Durham,False,TishGlossop,714049944,31,437,199,5714,20,8,31,17,0.25806451612903225,1.0,0.5483870967741935,9,0.025280898876404494,no
198,Kevan Jones,male,51,Labour Party,North Durham,True,KevanJonesMP,815306454,1576,15199,9014,60688,2581,651,1575,1048,0.4130710659898477,0.9993654822335025,0.6649746192893401,551,0.030732333091639245,yes
199,Lee Benjamin Rowley,male,35,Conservative and Unionist Party,North East Derbyshire,False,Lee4NED,1216506050,730,1000,324,143292,143,352,730,485,0.4821917808219178,1.0,0.6643835616438356,224,0.022519352568613652,no
200,Chris York,male,0,Labour Party,North East Hertfordshire,False,ChrisYorkUK,42163539,1276,1554,3051,38505,206,556,1276,1028,0.43573667711598746,1.0,0.8056426332288401,583,0.043798362256780105,no
201,Todd Foreman,male,0,Labour Party,North East Somerset,False,ToddDForeman,250306638,1139,1651,1600,219433,702,274,1139,729,0.2405618964003512,1.0,0.6400351185250219,442,0.028951332940328815,no
202,Graeme Currie,male,59,Labour Party,North Shropshire,False,graeme_currie1,1342705754,205,458,720,2003,130,101,193,163,0.4926829268292683,0.9414634146341463,0.7951219512195122,116,0.048945147679324896,no
203,Owen Paterson,male,59,Conservative and Unionist Party,North Shropshire,True,OwenPaterson,2660755152,270,8208,320,3269,1083,117,266,215,0.43333333333333335,0.9851851851851852,0.7962962962962963,84,0.023417897964873154,yes
204,Liam Fox,male,54,Conservative and Unionist Party,North Somerset,True,LiamFox,532241033,536,39717,1173,4916,1699,221,535,400,0.4123134328358209,0.9981343283582089,0.746268656716418,223,0.033338316639258486,yes
205,Mark Dempsey,male,0,Labour Party,North Swindon,False,dempsey4labour,260738126,1046,1321,975,9285,229,466,1043,748,0.44550669216061184,0.997131931166348,0.7151051625239006,496,0.04091396519013445,no
206,Justin Tomlinson,male,39,Conservative and Unionist Party,North Swindon,True,JustinTomlinson,250311545,1210,13858,1487,16233,1494,254,1210,724,0.20991735537190082,1.0,0.5983471074380166,434,0.025284008156131663,yes
207,Martin McGann,Male,32,Conservative and Unionist Party,North Tyneside,False,martinmcgann83,360890130,2020,436,723,466819,168,307,2018,936,0.15198019801980198,0.999009900990099,0.4633663366336634,498,0.015394126738794436,no
208,Mike O'Brien,male,61,Labour Party,North Warwickshire,False,mikeobrien4mp,1520163139,925,802,498,8821,384,400,925,807,0.43243243243243246,1.0,0.8724324324324324,390,0.0322234156820623,no
209,Pat Glass,female,58,Labour Party,North West Durham,True,PatMGlass,118429508,664,16157,791,25826,537,216,664,312,0.3253012048192771,1.0,0.46987951807228917,260,0.029401786723962455,yes
210,Michael Ellis,male,48,Conservative and Unionist Party,Northampton North,True,Michael_Ellis1,19858924,920,6325,195,57768,615,307,920,474,0.33369565217391306,1.0,0.5152173913043478,349,0.02645342226938528,yes
211,Sally Keeble,female,64,Labour Party,Northampton North,False,Sally_Keeble,130857126,1613,1692,700,51285,665,264,1562,1042,0.16367017978921264,0.9683818970861748,0.6460012399256044,606,0.03162014088181581,no
212,David Mackintosh,male,0,Conservative and Unionist Party,Northampton South,True,davidmackintosh,103085575,1660,4010,201,42286,1171,684,1660,1244,0.41204819277108434,1.0,0.7493975903614458,475,0.01984707307901224,no
213,Jessica Asato,female,34,Labour Party,Norwich North,False,Jessica_Asato,15673183,708,11673,4775,10315,674,76,706,376,0.10734463276836158,0.9971751412429378,0.5310734463276836,200,0.02306805074971165,no
214,Chloe Smith,female,33,Conservative and Unionist Party,Norwich North,True,NorwichChloe,386776248,1719,13930,339,11465,1871,475,1719,1397,0.2763234438627109,1.0,0.8126817917393834,718,0.03003681392235609,yes
215,Lisa Townsend,Female,0,Conservative and Unionist Party,Norwich South,False,_Lisa_Townsend,142994950,557,806,1064,13806,133,125,555,291,0.2244165170556553,0.9964093357271095,0.5224416517055656,160,0.021319120586275817,no
216,Louise Burfitt-Dons,female,62,Conservative and Unionist Party,Nottingham North,False,LouiseBurfDons,21402367,1859,53043,6837,10122,479,590,1859,1527,0.31737493275954815,1.0,0.8214093598708984,604,0.025763521583347552,no
217,Jane Hunt,female,49,Conservative and Unionist Party,Nottingham South,False,JaneMHunt,36154400,785,1092,1147,21719,206,275,785,341,0.3503184713375796,1.0,0.43439490445859874,238,0.02351313969571231,no
218,Victoria Fowler,female,0,Labour Party,Nuneaton,False,Victoria_Fowler,80697605,806,1089,788,46376,206,185,805,403,0.22952853598014888,0.9987593052109182,0.5,348,0.03449985129374442,no
219,Marcus Jones,male,41,Conservative and Unionist Party,Nuneaton,True,Marcus4Nuneaton,1469686752,1748,5324,590,14353,734,456,1748,1012,0.2608695652173913,1.0,0.5789473684210527,663,0.0276273022751896,yes
220,James Brokenshire,male,47,Conservative and Unionist Party,Old Bexley and Sidcup,True,JBrokenshire,92498317,706,16150,1549,11818,660,222,706,515,0.31444759206798867,1.0,0.7294617563739377,234,0.022909731740747993,yes
221,Sajjad Hussain,male,0,Conservative and Unionist Party,Oldham East and Saddleworth,False,OLSConservative,2863905923,395,816,664,7078,140,267,395,335,0.6759493670886076,1.0,0.8481012658227848,193,0.04007475083056478,no
222,Melanie Magee,Female,44,Conservative and Unionist Party,Oxford East,False,cllr_magee,865128397,1185,1036,1271,87725,123,156,1185,325,0.13164556962025317,1.0,0.2742616033755274,284,0.018106471150781,no
223,Azhar Ali,Male,0,Labour Party,Pendle,False,Azhar4Pendle,2342164885,1993,1723,2135,139246,863,359,1992,625,0.18013045659809332,0.9994982438534872,0.3135975915704967,861,0.032570455835067146,no
224,Lee Rushworth,male,0,Labour Party,Penrith and The Border,False,leerushworth1,952479564,995,298,977,93719,112,315,992,438,0.3165829145728643,0.9969849246231156,0.4402010050251256,381,0.040279099270535995,no
225,Rory Stewart,male,42,Conservative and Unionist Party,Penrith and The Border,True,RoryStewartUK,131926473,1263,29778,750,14325,2765,327,1257,1051,0.2589073634204275,0.995249406175772,0.8321456848772764,233,0.012600724676869828,yes
226,Lisa Forbes,female,0,Labour Party,Peterborough,False,LisaForbes_,633066595,2112,2650,1967,59326,1609,608,2112,1384,0.2878787878787879,1.0,0.6553030303030303,747,0.025097433140706893,no
227,Alison Seabeck,female,61,Labour Party,"Plymouth, Moor View",False,alisonseabeck,20589545,95,8169,2328,10013,87,10,92,53,0.10526315789473684,0.968421052631579,0.5578947368421052,32,0.0243531202435312,yes
228,Jim Fitzpatrick,male,63,Labour Party,Poplar and Limehouse,True,FitzMP,858023803,42,9800,282,179,49,3,42,29,0.07142857142857142,1.0,0.6904761904761905,10,0.015432098765432098,yes
229,Penny Mordaunt,female,42,Conservative and Unionist Party,Portsmouth North,True,PompeyToryParty,2706402844,183,430,255,463,72,9,183,106,0.04918032786885246,1.0,0.5792349726775956,44,0.018077239112571898,yes
230,Stuart Andrew,male,44,Conservative and Unionist Party,Pudsey,True,StuartAndrew,20424362,1594,12439,334,3025,1017,538,1594,1066,0.33751568381430364,1.0,0.6687578419071518,394,0.01905683192261185,yes
231,Jamie Hanley,male,0,Labour Party,Pudsey,False,jamiehanley,2289111,1535,8139,4214,47562,1632,308,1535,787,0.2006514657980456,1.0,0.5127035830618892,510,0.021691051378019733,no
232,Sheila Boswell,female,0,Labour Party,Putney,False,sheilaboswell,29429535,1024,1181,1329,218934,434,200,1022,445,0.1953125,0.998046875,0.4345703125,373,0.026510305614783226,no
233,Justine Greening,female,46,Conservative and Unionist Party,Putney,True,JustineGreening,932446861,851,59434,613,58733,8280,382,851,694,0.4488836662749706,1.0,0.8155111633372503,493,0.044136078782453,yes
234,Matt Rodda,male,49,Labour Party,Reading East,False,MattRodda,216516145,556,2102,462,105337,76,144,556,154,0.2589928057553957,1.0,0.27697841726618705,272,0.0367816091954023,no
235,Victoria Groulef,female,0,Labour Party,Reading West,False,VictoriaGroulef,486105713,1846,3222,2891,12456,1926,515,1846,1172,0.2789815817984832,1.0,0.6348862405200434,710,0.03102740025346327,no
236,Alok Sharma,male,48,Conservative and Unionist Party,Reading West,True,AlokSharma_RDG,1731554581,1089,9184,527,13042,562,208,1089,598,0.19100091827364554,1.0,0.549127640036731,379,0.025253198294243072,yes
237,Rebecca Blake,female,0,Labour Party,Redditch,False,RebeccaBlake31,241279770,3047,1890,1700,86985,1134,985,3047,1820,0.32326878897276007,1.0,0.5973088283557597,1049,0.02719518834417857,no
238,Karen Lumley,female,51,Conservative and Unionist Party,Redditch,True,Tell_Karen,2317393614,666,3616,1421,17846,259,241,666,328,0.36186186186186187,1.0,0.4924924924924925,261,0.03060865486102967,yes
239,David Hinder,male,61,Labour Party,Ribble Valley,False,david4rv,2818248860,394,306,195,19705,74,74,378,195,0.18781725888324874,0.9593908629441624,0.4949238578680203,161,0.030643319375713744,no
240,James Duddridge,male,44,Conservative and Unionist Party,Rochford and Southend East,True,JamesDuddridge,124170781,1217,12069,6631,57648,882,381,1216,554,0.31306491372226786,0.9991783073130649,0.4552177485620378,431,0.02525785278949836,yes
241,Ian Gilbert,male,0,Labour Party,Rochford and Southend East,False,CllrIanGilbert,20975514,1395,1467,1455,57969,288,420,1394,907,0.3010752688172043,0.9992831541218637,0.6501792114695341,552,0.028598072738576313,no
242,Jake Berry,male,37,Conservative and Unionist Party,Rossendale and Darwen,True,JakeBerry,217148014,2262,12789,4630,8361,1511,852,2262,1445,0.376657824933687,1.0,0.638815207780725,580,0.02008797146122675,yes
243,Will Straw,male,0,Labour Party,Rossendale and Darwen,False,wdjstraw,24444965,596,32241,1840,10964,1211,157,596,424,0.2634228187919463,1.0,0.7114093959731543,216,0.026338251432752105,no
244,Claire Edwards,female,0,Labour Party,Rugby,False,claire4rugby,1699862954,1646,460,317,333791,38,133,1646,104,0.08080194410692589,1.0,0.06318347509113001,643,0.027318689722564474,no
245,Mark Pawsey,male,58,Conservative and Unionist Party,Rugby,True,MarkPawsey,52412027,1556,4281,281,10735,620,675,1555,1122,0.4338046272493573,0.9993573264781491,0.7210796915167095,651,0.029966856932424967,yes
246,Michael Borio,male,0,Labour Party,"Ruislip, Northwood and Pinner",False,MichaelBorio,566725137,1781,1151,1586,170387,509,317,1780,1152,0.17798989331836046,0.9994385176866929,0.6468276249298147,694,0.027135874877810363,no
247,Nick Hurd,male,53,Conservative and Unionist Party,"Ruislip, Northwood and Pinner",True,NickHurdUK,144929619,357,18066,1608,14428,300,91,346,160,0.2549019607843137,0.969187675070028,0.4481792717086835,153,0.03038728897715988,yes
248,Philip Hammond,male,60,Conservative and Unionist Party,Runnymede and Weybridge,True,PhilipHammondUK,2653613168,369,70942,827,18404,8587,194,369,350,0.5257452574525745,1.0,0.948509485094851,212,0.046419969345303264,yes
249,Arran Neathey,male,0,Labour Party,Runnymede and Weybridge,False,Aneathey,27854792,1303,606,1502,93343,69,106,1303,135,0.08135072908672294,1.0,0.10360706062931696,533,0.027825632993996346,no
250,David Mellen,male,51,Labour Party,Rushcliffe,False,CllrDavidMellen,1072226575,823,1551,809,12197,196,215,823,405,0.26123936816524906,1.0,0.49210206561360875,336,0.02880658436213992,no
251,Rebecca Long Bailey,female,36,Labour Party,Salford and Eccles,True,RLong_Bailey,385306338,261,26166,485,10537,39,55,261,94,0.210727969348659,1.0,0.36015325670498083,119,0.033990288489003144,no
252,Tom Corbin,male,0,Labour Party,Salisbury,False,1tomcorbin,1235025320,1409,563,375,84613,187,388,1409,655,0.2753726046841732,1.0,0.46486870120652946,522,0.02874924271630776,no
253,John Glen,male,41,Conservative and Unionist Party,Salisbury,True,JohnGlenUK,36664451,261,14934,1465,3566,462,140,261,204,0.5363984674329502,1.0,0.7816091954022989,94,0.026734926052332197,yes
254,Ian McInnes,male,0,Labour Party,Scarborough and Whitby,False,Ian1Mcinnes,377025081,868,1101,1029,66767,214,121,867,377,0.13940092165898618,0.9988479262672811,0.434331797235023,286,0.02521156558533145,no
255,Jo Gideon,Female,0,Conservative and Unionist Party,Scunthorpe,False,jogideon,67323615,558,596,743,5826,176,268,553,434,0.48028673835125446,0.9910394265232975,0.7777777777777778,214,0.031163535750691713,no
256,Phil Wilson,male,56,Labour Party,Sedgefield,True,MPphilwilson,270926830,560,12741,1897,37511,445,194,559,261,0.3464285714285714,0.9982142857142857,0.4660714285714286,205,0.03199625409708132,yes
257,Scott Wood,male,0,Conservative and Unionist Party,Sedgefield,False,ScottWood29,1049297821,2737,597,1610,186812,129,438,2736,859,0.1600292290829375,0.999634636463281,0.31384727804165147,1128,0.03469808360761635,no
258,Mark Hayes,male,0,Labour Party,Selby and Ainsty,False,LangdaleCider,19547250,860,819,206,161318,146,254,860,421,0.29534883720930233,1.0,0.48953488372093024,310,0.02778026704901873,no
259,Oliver Coppard,male,0,Labour Party,"Sheffield, Hallam",False,olivercoppard,17833723,2386,5241,2713,214950,3892,373,2376,1624,0.15632858340318526,0.9958088851634534,0.680637049455155,600,0.018502528678919453,no
260,Ian Walker,Male,0,Conservative and Unionist Party,"Sheffield, Hallam",False,IGWalker,267746340,176,313,72,5705,84,75,173,115,0.42613636363636365,0.9829545454545454,0.6534090909090909,48,0.01947261663286004,no
261,Lonie Mathers,female,0,Labour Party,Sherwood,False,leoniemathers,66207191,2042,2608,1867,27833,1718,679,2038,1369,0.3325171400587659,0.9980411361410382,0.6704211557296768,723,0.024838532362237185,no
262,Mark Spencer,male,45,Conservative and Unionist Party,Sherwood,True,Mark_Spencer,154943205,1845,10043,825,31680,564,449,1844,1073,0.24336043360433604,0.9994579945799458,0.5815718157181572,607,0.024110263743247536,yes
263,Malcolm Birks,male,40,Labour Party,Skipton and Ripon,False,malcolmbirks,67730777,401,455,1457,38455,76,91,401,169,0.22693266832917705,1.0,0.42144638403990026,170,0.032215273829827556,no
264,Julian Smith,male,44,Conservative and Unionist Party,Skipton and Ripon,True,JulianSmithUK,728039018,1960,8175,3118,99675,824,271,1960,841,0.13826530612244897,1.0,0.4290816326530612,832,0.03024354780079971,yes
265,Jason Pandya-Wood,male,0,Labour Party,Sleaford and North Hykeham,False,jasonforlabour,2862761707,1209,351,578,61200,498,336,1207,638,0.27791563275434245,0.9983457402812241,0.5277088502894954,409,0.027374339066996854,no
266,Fiona Mactaggart,female,62,Labour Party,Slough,True,fionamacmp,79974944,1862,6117,493,91482,973,441,1860,1297,0.23684210526315788,0.9989258861439313,0.69656283566058,669,0.024151624548736463,yes
267,Gurcharan Singh,male,0,Conservative and Unionist Party,Slough,False,GSOnline,18020279,253,242,41,2858,17,152,253,205,0.6007905138339921,1.0,0.8102766798418972,149,0.04640298972282778,no
268,Dan Greef,Male,34,Labour Party,South Cambridgeshire,False,DanGreef,551770789,648,2794,1905,14701,642,146,645,454,0.22530864197530864,0.9953703703703703,0.7006172839506173,214,0.024376352659756236,no
269,Heather Wheeler,Female,56,Conservative and Unionist Party,South Derbyshire,True,HeatherWheeler,21744895,856,10755,495,802878,476,428,856,731,0.5,1.0,0.8539719626168224,296,0.02589223233030091,yes
270,Simon Bowkett,male,0,Labour Party,South Dorset,False,Simon_Bowkett,383285787,1865,1886,1571,78302,1129,549,1865,1200,0.2943699731903485,1.0,0.6434316353887399,703,0.027584853835589562,no
271,Alberto Costa,Male,44,Conservative and Unionist Party,South Leicestershire,True,AlbertoCostaMP,3005893073,10,2929,205,118,19,6,10,9,0.6,1.0,0.9,4,0.03361344537815126,no
272,Amanda Hack,female,0,Labour Party,South Leicestershire,False,Hack4Labour,31230434,954,773,893,82101,243,159,951,430,0.16666666666666666,0.9968553459119497,0.45073375262054505,386,0.0291849387569938,no
273,Deborah Sacks,female,51,Labour Party,South Norfolk,False,deborahsacks,96752049,2047,818,810,125737,353,758,2044,1372,0.3702979970688813,0.9985344406448461,0.6702491450903761,661,0.02350890920083935,no
274,Andrea Leadsom,female,52,Conservative and Unionist Party,South Northamptonshire,True,andrealeadsom,38281180,320,59886,795,14537,775,94,313,169,0.29375,0.978125,0.528125,129,0.02936489870248122,yes
275,Lucy Mills,female,0,Labour Party,South Northamptonshire,False,votelucymills,2775213291,81,136,146,7945,5,12,81,17,0.14814814814814814,1.0,0.20987654320987653,29,0.029116465863453816,no
276,Veronica Bennett,female,27,Labour Party,South Ribble,False,V_L_Bennett,1606113410,1065,1215,533,71314,687,322,1065,694,0.3023474178403756,1.0,0.6516431924882629,396,0.02789321687680496,no
277,Seema Kennedy,female,41,Conservative and Unionist Party,South Ribble,True,SeemaKennedy,89698876,1878,4551,1585,53179,575,375,1878,1196,0.19968051118210864,1.0,0.6368477103301384,383,0.01673804737348134,no
278,Kevin McElduff,male,0,Labour Party,South Staffordshire,False,SStaffsLabour,802905470,48,50,4,447,12,40,48,45,0.8333333333333334,1.0,0.9375,33,0.0650887573964497,no
279,Gavin Williamson,male,39,Conservative and Unionist Party,South Staffordshire,True,GavinWilliamson,368314502,379,7637,449,904,280,211,379,321,0.5567282321899736,1.0,0.8469656992084432,94,0.016209691326090705,yes
280,James Cartlidge,male,41,Conservative and Unionist Party,South Suffolk,True,jc4southsuffolk,2776689260,221,4029,1120,3020,147,74,221,169,0.334841628959276,1.0,0.7647058823529411,64,0.019382192610539067,no
281,Andrew Selous,male,53,Conservative and Unionist Party,South West Bedfordshire,True,AndrewSelous,90646214,689,11197,284,5277,489,627,689,635,0.9100145137880987,1.0,0.9216255442670537,392,0.041938589921900075,yes
282,Simon Diggins,male,0,Labour Party,South West Hertfordshire,False,SimonLeoDiggins,370937104,557,341,485,34403,142,157,551,375,0.28186714542190305,0.9892280071813285,0.6732495511669659,246,0.03299798792756539,no
283,David Gauke,male,44,Conservative and Unionist Party,South West Hertfordshire,True,DavidGauke,2230539338,1047,7951,317,19087,1827,513,1047,685,0.4899713467048711,1.0,0.6542502387774594,539,0.03962943901183737,yes
284,Royston Smith,male,51,Conservative and Unionist Party,"Southampton, Itchen",True,Royston_Smith,75562171,1088,3461,368,17445,539,196,1088,589,0.1801470588235294,1.0,0.5413602941176471,297,0.02129795625672284,no
285,Jeremy Moulton,male,0,Conservative and Unionist Party,"Southampton, Test",False,Cllr_JMoulton,290745061,1612,971,658,43266,276,420,1612,869,0.26054590570719605,1.0,0.5390818858560794,482,0.0241870734644721,no
286,Alan Whitehead,male,65,Labour Party,"Southampton, Test",True,alanwhiteheadmp,389443487,609,5861,247,72276,463,256,609,466,0.42036124794745483,1.0,0.7651888341543513,238,0.027419354838709678,yes
287,Liz Savage,female,42,Labour Party,Southport,False,LizSavagelabour,1395516325,1303,1177,662,106832,379,237,1293,570,0.18188795088257867,0.9923254029163469,0.43745203376822717,560,0.033110624963046176,no
288,Conor McGinn,male,31,Labour Party,St Helens North,True,ConorMcGinn,36158689,635,10242,1622,49910,1170,161,630,355,0.25354330708661416,0.9921259842519685,0.5590551181102362,260,0.027388602127883705,no
289,Gillian Keegan,female,0,Conservative and Unionist Party,St Helens South and Whiston,False,GillianKeegan,2986235404,162,1294,414,5056,39,46,162,100,0.2839506172839506,1.0,0.6172839506172839,78,0.03757225433526012,no
290,Marie Rimmer,female,68,Labour Party,St Helens South and Whiston,True,MarieRimmer,2350948635,94,6249,602,403,67,53,94,75,0.5638297872340425,1.0,0.7978723404255319,50,0.04591368227731864,no
291,Jeremy Lefroy,male,56,Conservative and Unionist Party,Stafford,True,JeremyLefroy,417975170,1463,7642,1939,3923,417,1094,1463,1308,0.7477785372522214,1.0,0.8940533151059467,597,0.03550823767322905,yes
292,Ann Coffey,female,69,Labour Party,Stockport,True,anncoffey_mp,558445037,492,8096,1101,6419,342,127,491,298,0.258130081300813,0.9979674796747967,0.6056910569105691,194,0.02965907353615655,yes
293,Chris Daniels,male,41,Conservative and Unionist Party,Stockton North,False,cjdaniels23,2159222343,163,197,240,4177,47,68,163,93,0.4171779141104294,1.0,0.5705521472392638,54,0.02727272727272727,no
294,Bill Cash,male,75,Conservative and Unionist Party,Stone,True,BillCashMP,100520303,75,3469,0,538,147,35,75,66,0.4666666666666667,1.0,0.88,51,0.05909617612977984,yes
295,Margot James,female,58,Conservative and Unionist Party,Stourbridge,True,margot_james_mp,70796349,1436,14349,1011,16346,1750,587,1436,1123,0.4087743732590529,1.0,0.782033426183844,577,0.02769378449724022,yes
296,Pete Lowe,male,47,Labour Party,Stourbridge,False,pete4stour,1386916794,2097,1582,1224,19497,915,400,2094,1440,0.19074868860276586,0.9985693848354793,0.6866952789699571,481,0.01643489254108723,no
297,Kim Caddy,female,37,Conservative and Unionist Party,Streatham,False,KimCaddy,495178605,19,610,129,27,30,9,19,19,0.47368421052631576,1.0,1.0,2,0.008771929824561403,no
298,Julie Elliott,female,52,Labour Party,Sunderland Central,True,JulieElliottMP,776022362,1516,10691,3331,69966,1052,396,1514,709,0.2612137203166227,0.9986807387862797,0.46767810026385226,643,0.031142538867632102,yes
299,Rob Pocock,male,0,Labour Party,Sutton Coldfield,False,RobPocock1,616250395,522,1080,43,1705,135,251,521,354,0.48084291187739464,0.9980842911877394,0.6781609195402298,167,0.020147183013632525,no
300,Christopher Pincher,male,46,Conservative and Unionist Party,Tamworth,True,ChrisPincher,166598394,696,11787,594,18920,336,135,696,342,0.1939655172413793,1.0,0.49137931034482757,257,0.02634816485544392,yes
301,George Osborne,male,44,Conservative and Unionist Party,Tatton,True,George_Osborne,1225696320,1777,221243,178,72688,40017,1270,1777,1770,0.7146876758581879,1.0,0.996060776589758,1031,0.04082844923174402,yes
302,Ed Buxton,Male,38,Labour Party,Tewkesbury,False,EdwardBuxton,113176198,14,2338,1928,2414,0,0,14,0,0.0,1.0,0.0,9,0.041474654377880185,no
303,Katrina Gilman,female,38,Labour Party,The Wrekin,False,trinagilman,132992219,1366,548,234,134564,198,129,1366,392,0.09443631039531479,1.0,0.2869692532942899,626,0.03335642350935152,no
304,Mark Pritchard,male,49,Conservative and Unionist Party,The Wrekin,True,MPritchardUK,804596460,1860,7091,1314,30487,1648,1494,1860,1685,0.8032258064516129,1.0,0.9059139784946236,1053,0.03891640180353315,yes
305,Alan Philip Avery,male,67,Labour Party,Thirsk and Malton,False,AveryforLabour,2885995521,8,162,121,109,10,7,8,7,0.875,1.0,0.875,6,0.061855670103092786,no
306,Kevin Paul Hollinrake,male,52,Conservative and Unionist Party,Thirsk and Malton,True,kevinhollinrake,49619469,323,6264,1982,10477,286,123,319,278,0.38080495356037153,0.9876160990712074,0.8606811145510835,91,0.026476578411405296,no
307,Jackie Doyle-Price,female,46,Conservative and Unionist Party,Thurrock,True,JackieDP,38671387,2185,3999,162,16483,950,599,2184,1761,0.27414187643020593,0.9995423340961098,0.8059496567505721,843,0.026884806735553005,yes
308,Dan Watkins,male,0,Conservative and Unionist Party,Tooting,False,DanWatkins,212209552,399,3187,997,11768,459,135,377,309,0.3383458646616541,0.9448621553884712,0.7744360902255639,145,0.027873894655901576,no
309,Stefan Mrozinski,male,0,Conservative and Unionist Party,Tottenham,False,Stefan4TottMP,2888502291,374,266,202,10313,63,59,371,179,0.15775401069518716,0.9919786096256684,0.4786096256684492,139,0.029177162048698572,no
310,Greg Clark,male,48,Conservative and Unionist Party,Tunbridge Wells,True,GregClarkMP,224655400,410,21640,270,5377,683,153,410,236,0.37317073170731707,1.0,0.5756097560975609,162,0.027058627025221313,yes
311,Kevin Kerrigan,male,0,Labour Party,Tunbridge Wells,False,Kevin_Kerrigan1,462438783,280,255,296,47744,70,42,277,114,0.15,0.9892857142857143,0.40714285714285714,113,0.02949621508744453,no
312,Alan Campbell,male,58,Labour Party,Tynemouth,True,alancampbellmp,2601366250,911,2517,307,144289,955,384,911,416,0.42151481888035125,1.0,0.4566410537870472,326,0.025277196247189267,yes
313,Boris Johnson,male,51,Conservative and Unionist Party,Uxbridge and South Ruislip,True,BorisJohnson,3131144855,138,341441,114,19751,14243,96,135,128,0.6956521739130435,0.9782608695652174,0.927536231884058,61,0.03571428571428571,no
314,Chris Summers,male,0,Labour Party,Uxbridge and South Ruislip,False,chris4uxbridge,2524547796,1925,716,1001,58737,573,848,1925,1295,0.44051948051948053,1.0,0.6727272727272727,671,0.02231682575581202,no
315,Kate Hoey,female,69,Labour Party,Vauxhall,True,KateHoeyMP,1284146730,1030,20166,781,35198,2819,211,1030,613,0.20485436893203884,1.0,0.5951456310679611,351,0.02348925918490263,yes
316,Antony Calvert,male,37,Conservative and Unionist Party,Wakefield,False,antony_calvert,2938302634,507,1194,974,9535,346,225,501,323,0.4437869822485207,0.9881656804733728,0.6370808678500987,195,0.027801539777587682,no
317,Douglas Hansen-Luke,male,45,Conservative and Unionist Party,Walsall North,False,DHansenLuke,1474229671,2037,1988,1990,56314,1094,608,2033,1163,0.29847815414825724,0.9980363279332352,0.5709376534118802,771,0.029344599223567025,no
318,Sue Arnold,female,0,Conservative and Unionist Party,Walsall South,False,haselour,94328904,456,1997,1002,21904,186,36,455,199,0.07894736842105263,0.9978070175438597,0.43640350877192985,138,0.024138534196256778,no
319,Valerie Vaz,female,61,Labour Party,Walsall South,True,Valerie_VazMP,315283542,504,3465,246,24407,97,76,504,158,0.15079365079365079,1.0,0.3134920634920635,199,0.029477114501555324,yes
320,Ian Lavery,male,52,Labour Party,Wansbeck,True,IanLaveryMP,300872531,1331,24042,5830,27063,5069,531,1331,900,0.3989481592787378,1.0,0.67618332081142,494,0.02375456818618965,yes
321,Stephen Edwin Dominic Webb,male,0,Labour Party,Wantage,False,StephenEDWebb,499815128,199,211,116,11873,61,62,193,123,0.31155778894472363,0.9698492462311558,0.6180904522613065,90,0.037037037037037035,no
322,Helen Jones,female,61,Labour Party,Warrington North,True,HelenJonesMP,989710268,636,5468,449,21438,325,271,636,362,0.4261006289308176,1.0,0.5691823899371069,288,0.03522935779816514,yes
323,Lynnette Kelly,female,0,Labour Party,Warwick and Leamington,False,lynnettekelly,208183257,1316,951,177,108840,374,523,1316,781,0.3974164133738602,1.0,0.5934650455927052,471,0.026583135794107687,no
324,Chris White,male,48,Conservative and Unionist Party,Warwick and Leamington,True,Chris_WhiteUK,88974929,2087,14440,3226,8607,1075,231,2087,937,0.11068519405845711,1.0,0.44896981312889317,435,0.015180067001675042,yes
325,Richard Harrington,male,58,Conservative and Unionist Party,Watford,True,Richard4Watford,60738400,547,9853,873,1318,344,238,547,454,0.4351005484460695,1.0,0.829981718464351,184,0.023282297861571554,yes
326,Matt Turmaine,male,0,Labour Party,Watford,False,Turmaine,24781358,1469,1463,2102,82659,382,411,1469,676,0.27978216473791695,1.0,0.46017699115044247,601,0.03228752551842699,no
327,Peter Aldous,male,54,Conservative and Unionist Party,Waveney,True,peter_aldous,255998767,292,7152,295,4108,181,183,292,220,0.6267123287671232,1.0,0.7534246575342466,115,0.029456967213114756,yes
328,Bob Blizzard,male,65,Labour Party,Waveney,False,BobJBlizzard,135783875,1401,3144,3401,18997,531,320,1401,799,0.22840827980014275,1.0,0.5703069236259815,490,0.02581800937878708,no
329,Julia Tickridge,female,0,Labour Party,Weaver Vale,False,JuliaTickridge,203651911,1110,871,636,23099,281,186,1110,631,0.16756756756756758,1.0,0.5684684684684684,429,0.02863053924185798,no
330,Anawar Miah,male,0,Labour Party,Welwyn Hatfield,False,WHLabour,515924789,803,960,491,15261,109,352,803,550,0.4383561643835616,1.0,0.684931506849315,337,0.03406104709925207,no
331,Grant Shapps,male,47,Conservative and Unionist Party,Welwyn Hatfield,True,grantshapps,14104027,2417,88265,11025,36581,12022,960,2416,2170,0.39718659495242037,0.9995862639635912,0.8978071990070335,864,0.028031015799889692,yes
332,Olivia Seccombe,female,0,Conservative and Unionist Party,West Bromwich East,False,oseccombe,1347440538,42,238,138,3751,27,9,42,27,0.21428571428571427,1.0,0.6428571428571429,18,0.037815126050420166,no
333,Festus Akinbusoye,male,0,Conservative and Unionist Party,West Ham,False,fest4westham,2864747789,1236,272,101,24083,285,194,1219,927,0.156957928802589,0.9862459546925566,0.75,464,0.028275441803778185,no
334,Rosie Cooper,female,65,Labour Party,West Lancashire,True,rosie4westlancs,110767433,862,8161,482,1902,641,365,862,755,0.4234338747099768,1.0,0.8758700696055685,418,0.03466003316749586,yes
335,Paul Greenall,male,0,Conservative and Unionist Party,West Lancashire,False,paulvgreenall,97943956,652,737,103,10121,170,522,652,617,0.8006134969325154,1.0,0.946319018404908,231,0.03109435994077265,no
336,Lindsey Hall,female,0,Conservative and Unionist Party,Westminster North,False,Lindsey4WNorth,1871982156,1173,1404,807,34973,516,399,1173,705,0.340153452685422,1.0,0.6010230179028133,411,0.027800324675324676,no
337,John Penrose,male,51,Conservative and Unionist Party,Weston-Super-Mare,True,JohnPenroseNews,158315486,1226,38669,28176,30340,1412,806,1225,1148,0.6574225122349103,0.9991843393148451,0.9363784665579119,402,0.023243712055507373,yes
338,Tim Taylor,male,0,Labour Party,Weston-Super-Mare,False,TimTaylorWeston,610292263,158,317,314,9692,33,54,158,72,0.34177215189873417,1.0,0.45569620253164556,84,0.04520990312163617,no
339,Caroline Kerswell,female,0,Conservative and Unionist Party,Wigan,False,CKConservative,3079742145,506,1784,4966,4727,467,97,489,386,0.191699604743083,0.9664031620553359,0.7628458498023716,94,0.017391304347826087,no
340,Lisa Nandy,female,36,Labour Party,Wigan,True,lisanandy,94701778,1739,42114,1453,26618,5282,475,1739,1050,0.27314548591144333,1.0,0.6037952846463485,790,0.03472069617193337,yes
341,Stephen Hammond,male,53,Conservative and Unionist Party,Wimbledon,True,S_Hammond,47916280,187,6517,696,3174,180,80,187,119,0.42780748663101603,1.0,0.6363636363636364,71,0.030749242096145518,yes
342,Andrew Judge,male,0,Labour Party,Wimbledon,False,Andjudge,180918327,500,708,100,16951,148,151,498,359,0.302,0.996,0.718,212,0.03426539518344917,no
343,Adam Afriyie,male,50,Conservative and Unionist Party,Windsor,True,AdamAfriyie,22031058,938,9481,655,4265,957,182,937,826,0.19402985074626866,0.9989339019189766,0.8805970149253731,443,0.03697212485394759,yes
344,David Cameron,male,49,Conservative and Unionist Party,Witney,True,David_Cameron,103065157,1697,1761038,391,508970,341065,1160,1696,1601,0.6835592221567472,0.9994107248084856,0.943429581614614,908,0.037860150940249346,yes
345,Duncan Shaw Thomas Enright,male,51,Labour Party,Witney,False,duncanenright,14631622,1516,2299,1316,131662,675,384,1491,929,0.2532981530343008,0.9835092348284961,0.612796833773087,479,0.025313111028906623,no
346,Jonathan Lord,male,53,Conservative and Unionist Party,Woking,True,JonathanLord,2787943494,2,594,71,39,10,1,2,1,0.5,1.0,0.5,0,0.0,yes
347,Jill Rawling,female,0,Labour Party,Woking,False,JillRawling,1204168843,50,56,40,11381,9,4,50,8,0.08,1.0,0.16,25,0.04091653027823241,no
348,John Redwood,male,64,Conservative and Unionist Party,Wokingham,True,johnredwood,93880122,663,22122,395,2604,802,509,663,593,0.7677224736048266,1.0,0.8944193061840121,244,0.04077540106951872,yes
349,Darren George Henry,male,0,Conservative and Unionist Party,Wolverhampton North East,False,VoteDarrenHenry,2490452258,175,261,110,7436,74,66,172,131,0.37714285714285717,0.9828571428571429,0.7485714285714286,72,0.037460978147762745,no
350,Emma Reynolds,female,38,Labour Party,Wolverhampton North East,True,EmmaReynoldsMP,32965648,483,19198,2203,36082,1616,60,483,201,0.12422360248447205,1.0,0.4161490683229814,222,0.034845393187882594,yes
351,Pat McFadden,male,50,Labour Party,Wolverhampton South East,True,patmcfaddenmp,25091518,256,16516,1102,34557,231,89,254,115,0.34765625,0.9921875,0.44921875,111,0.03187823090178059,yes
352,Suria Photay,female,0,Conservative and Unionist Party,Wolverhampton South East,False,SuriaPhotay,865109210,206,498,463,5166,71,82,205,166,0.39805825242718446,0.9951456310679612,0.8058252427184466,59,0.023983739837398373,no
353,Rob Marris,male,60,Labour Party,Wolverhampton South West,True,Eleanor_SmithMP,2364208508,374,3483,389,9187,56,188,374,246,0.5026737967914439,1.0,0.6577540106951871,192,0.045476077688299386,no
354,Paul Uppal,male,48,Conservative and Unionist Party,Wolverhampton South West,False,PaulUppalWSW,258834854,690,2079,341,3871,207,223,690,489,0.32318840579710145,1.0,0.7086956521739131,282,0.028716904276985745,yes
355,Joy Squires,Female,61,Labour Party,Worcester,False,JoySquires,391162297,1785,1997,1254,11222,768,428,1785,967,0.23977591036414567,1.0,0.5417366946778711,507,0.019525533389817454,no
356,Sue Hayman,female,53,Labour Party,Workington,True,SueHayman1,580947925,104,5480,1966,8173,25,6,104,36,0.057692307692307696,1.0,0.34615384615384615,47,0.037360890302066775,no
357,David Williams,male,51,Labour Party,Wycombe,False,Bikingbarrister,400239134,724,1877,557,36401,118,198,724,506,0.27348066298342544,1.0,0.6988950276243094,249,0.025395206527282,no
358,Mark Robert Timothy Garnier,male,52,Conservative and Unionist Party,Wyre Forest,True,Mark4WyreForest,20226550,1317,9640,539,21609,534,717,1308,759,0.5444191343963554,0.9931662870159453,0.5763097949886105,660,0.03861003861003861,no
359,Matthew Lamb,male,45,Labour Party,Wyre Forest,False,Matt4wyreforest,2196660992,513,325,226,15089,132,313,506,372,0.6101364522417154,0.98635477582846,0.7251461988304093,261,0.035876288659793816,no
360,Ben Wallace,male,45,Conservative and Unionist Party,Wyre and Preston North,True,BWallaceMP,143405324,1626,3349,238,35893,320,500,1625,1314,0.3075030750307503,0.9993849938499385,0.8081180811808119,629,0.0288929719797887,yes
361,Fiona Green,female,0,Conservative and Unionist Party,Wythenshawe and Sale East,False,Fiona20Green,2786796467,581,546,501,22386,347,215,580,338,0.37005163511187605,0.9982788296041308,0.5817555938037866,207,0.029179588384550325,no
362,Mike Kane,male,46,Labour Party,Wythenshawe and Sale East,True,MikeKaneMP,71777646,887,7348,1965,19534,843,151,887,359,0.17023675310033823,1.0,0.4047350620067644,344,0.029179588384550325,yes
