18979772,1437.3219178082193,63162,5,27938033.684,3616.6438356164385,345194,0,811888841.092
2935084827,4331.798449612403,602308,9,677867200.275,5240.445736434109,660077,0,907169468.322
722347303,2031.9658539782408,809918,1,200967912.282,5160.927185738629,4733922,0,4730720397.73
2347509589,1067.6666666666667,15580,1,4433099.75556,847.0666666666667,18478,0,7056374.39556
752820350371717120,1625.8631386861314,53582,17,12959419.067,3421.308394160584,284261,0,400551551.826
77320497,3218.3071017274474,1281020,1,1086393328.45,6179.069097888676,2036686,0,3638493377.49
138167286,16733.959694232104,1912104,3,8363455933.78,24501.585128561503,2685003,0,19601950297.9
105880024,2007.8398268398269,1281020,2,237465511.588,5488.498363425193,4927869,0,5455278663.7
3068561164,1452.8529411764705,12929,39,5566441.41955,9929.676470588236,277150,9,2202682431.57
539849453,3433.4617395437263,1442760,2,1620100263.38,6532.732176806084,5627966,0,11753741950.8
81367969,3305.4638885166823,3109505,1,2022232035.4,8575.248559560498,4928116,0,11497558885.0
52522161,2150.9291338582675,68610,2,41635939.2627,3202.503937007874,95216,3,140201390.659
108935576,3077.1529752170086,3109504,1,1618134460.29,7504.633790413888,4928216,0,10502374356.3
254533424,10746.629531388153,1281004,4,3868672909.21,16045.4341290893,2036648,0,10643947589.5
870198840,11262.396006655574,1655226,4,8318661428.83,18473.249584026624,3002170,1,24971032778.0
125151345,3071.675675675676,51156,7,69140522.8678,15223.621621621622,277162,3,2533280107.53
813678139,3773.1871754932504,1588803,2,1338207780.75,7601.451194184839,4340329,0,8613317505.0
1134752502,2151.754515599343,809905,2,549907231.33,4709.775041050903,1457512,0,2756548906.4
4099573113,5701.6449771689495,1603070,2,4013779566.65,8099.791095890411,3252501,0,11470030489.3
1318942975,2318.5105263157893,42457,15,27302361.4499,4376.631578947368,277173,3,476091638.885
305659027,4957.194473963868,1281004,1,2480460763.15,9005.987247608926,2036644,0,8034775406.98
2278921206,3072.1240487062405,865414,3,514974277.285,7116.341197361745,2321571,0,4688002538.32
2827093541,5876.659509202454,1281004,3,5012015764.11,10378.150306748466,2036644,0,12894192662.5
2175891740,2010.2727272727273,13798,16,7872546.15289,9014.318181818182,277179,4,1723181383.4
723913596,9866.54694485842,1281003,6,4708276973.51,14651.90909090909,2036645,0,10358713836.5
28533091,5195.357979502196,809905,1,1370006877.7,12325.041727672035,2776630,0,15313599590.2
2927448879,10368.54193548387,299977,18,1288091747.27,14499.251612903226,300181,0,2054677085.96
15739855,10198.10867117117,1917070,2,6384208773.06,16934.28096846847,2685205,0,14403027921.9
2879189757,3496.5,357295,9,720109364.705,5816.596590909091,356315,0,1158516124.47
111013369,2481.432366977705,3109502,1,1190601633.84,6521.700975852981,5323370,0,9101955146.12
14291862,10607.26536289303,1655894,1,3757668057.92,14357.338110090197,3002154,0,7415824828.05
580106431,2671.0510046367854,209004,5,105839814.973,4422.897990726429,299388,0,481395466.809
580106431,2671.199381761978,208993,5,105845502.404,4422.9211746522415,299388,0,481414931.856
162472533,1998.738790115174,1104315,1,200618955.721,4274.369696969697,4929371,0,3524448909.59
303232642,4018.6708416833667,1280986,3,1365088671.64,6282.772044088177,2036616,0,3704933127.13
422184091,2221.1432305750855,1606230,1,452765553.502,5866.048134126555,4929588,0,6513167944.82
229846131,7355.309210526316,1280987,1,5495251527.19,12938.907894736842,2036618,0,14414844235.4
222748037,1458.3361358176978,1607850,1,207577948.099,2311.734142699474,5969700,0,1826011972.23
23431198,3398.0582765034096,1280979,1,1337421046.12,7478.364538127712,2079825,0,6874339536.77
496278040,2007.9434406912803,1221858,1,377644416.935,5229.692122096286,4930557,0,4722294907.27
2862527512,3696.771675565726,1607884,1,1384620365.26,7174.956775997966,4340890,0,8250727868.32
200538258,6875.236414961186,1280972,1,3583133777.84,11247.528581510232,2036599,0,8523783202.45
200538258,6862.13230119634,1280979,1,3573071058.3,11223.619282195637,2036602,0,8500628098.99
111411358,1899.6431780959979,982744,1,182448147.202,4406.975139629614,4932151,0,3684659958.22
1011936380,3189.537917087968,476927,1,420581726.354,4212.065722952478,485590,0,690815970.106
240202308,1590.2923141963304,1221835,1,163721604.723,3261.640940221527,11414153,0,4277588194.17
776206303,4254.926966292135,698700,7,1265807124.48,3645.179775280899,325838,0,460604476.672
2300014440,6766.407643312102,195377,10,422488917.974,9108.617834394905,277366,1,977179350.848
193313425,2310.5359880351466,845206,0,206866840.324,4750.27531625849,4932859,0,3344239297.27
16454546,7235.907670454545,1280938,1,4238273339.35,196240.015625,92710628,0,1.26803381846e+13
533301352,9725.437557816836,1449545,4,2505904057.35,13752.785383903793,1682627,0,4533362739.08
1067829343,2559.4573872014157,422853,1,181962174.113,8340.552049542908,4933449,0,12084912424.5
1151672852,2628.9839389152185,1280918,1,670337037.124,4993.53896787783,2036567,0,2528484688.42
12695662,6287.474055624741,1626291,1,2201989526.29,10653.192611041926,4341898,0,12578852724.7
14758838,3471.4265828825964,3109269,1,1720916273.07,9137.382357620108,4933583,0,10719221248.3
858740924352000000,2007.1538461538462,13005,3,6945528.03787,1631.1538461538462,15075,2,8380136.77633
429751008,2686.3012914392225,1629155,1,683937809.579,7000.527626148316,4933676,0,8811084894.19
114582072,9866.950118764846,1280914,1,4493885826.34,15535.11163895487,2036556,0,9410577121.63
1123375357,13264.425925925925,3109257,11,26112268668.9,20351.752314814814,4702337,0,60823675503.9
2859889698,8085.7988668555245,1280914,7,3733389449.34,10960.86968838527,2036556,0,8061197435.82
474180693,3051.0749493585417,865320,1,513176178.367,6923.233625928427,2322523,0,5007262073.66
19344585,2703.813223979031,1447839,1,734689797.07,5971.802401285195,2080306,0,4006062118.96
50269633,9084.048536759457,1882455,1,5963156410.52,13081.38329764454,2690358,0,12164388133.3
2276286841,4143.422680412371,1284340,6,3394259475.75,6284.070103092784,2037100,0,8698094432.18
220170557,1662.3203883495146,14347,12,4108106.13036,4069.233009708738,278322,4,589498628.023
22499765,1865.6588862634906,3108536,1,551199006.968,3653.8092470783577,4950031,0,3196050794.21
2819139989,3794.355664283026,1449950,1,1932005493.9,6697.8675197591265,2325680,0,6396027364.16
34750002,5700.475345167652,1284323,1,3542751897.14,9297.861932938857,2037111,1,8698305069.87
3016122241,8430.421621621621,1284323,6,5043569571.5,10908.947747747749,2037111,0,9939358712.13
133844829,2175.8998035363456,698226,4,481181453.748,2836.1856581532415,681272,0,541465428.318
28087982,2180.034288221651,3108524,1,1009042667.22,4674.870181157149,4950286,0,5718139252.69
809218730,10598.16723549488,1284319,6,8942763756.48,14363.726962457338,2037112,2,17828280507.6
3124313338,419.2,1871,10,281721.96,232.0,1268,1,132774.4
22474050,3407.8217703349283,1284319,3,1732387790.92,7153.7996411483255,2037111,0,4950401303.8
1147303028,6666.121951219512,1284319,9,3901301060.5,10347.229674796748,2037121,0,9828114785.3
195140602,9886.002898550725,1284310,2,5566985636.19,15322.44347826087,2037116,1,13430932659.5
2267546641,4776.3227482678985,1284310,3,1508678188.84,6724.965935334873,2037116,0,3262757618.39
20362684,2064.880688597239,1132135,0,269653549.988,4668.5554229873305,7054429,0,3867580392.33
50269633,9037.811563169165,1850842,1,5817985251.68,13083.830835117773,2690538,0,12167877690.8
2276286841,4143.684536082475,1284302,6,3394058623.22,6284.232989690721,2037112,0,8698196243.79
220170557,1662.4757281553398,14347,12,4109309.91931,4069.9466019417478,278373,4,589783102.419
22499765,1862.6498946427432,3108491,1,551012628.832,3648.6726581955177,4950952,0,3195892184.39
2819139989,3792.0244360902257,1450651,1,1930553410.81,6690.994736842105,2325951,0,6389533491.49
34750002,5700.909270216963,1284285,1,3542623682.47,9298.165680473372,2037107,1,8698305317.93
3016122241,8409.244604316547,1284285,6,5033474818.76,10890.278776978417,2037107,0,9921770473.92
133844829,2176.4371316306483,698216,4,481167609.136,2836.451866404715,681354,0,541586125.23
28087982,2203.893233082707,3108486,1,1018187642.06,4650.727756892231,4951322,0,5685820081.64
809218730,10591.372013651877,1284284,6,8940399655.15,14523.941979522184,2037103,2,17831401211.6
3124313338,419.2,1871,10,281721.96,232.0,1268,1,132774.4
22474050,3407.5953377166766,1284284,3,1731282942.92,7150.947399880454,2037103,0,4948887652.39
1147303028,6666.054878048781,1284270,9,3901076349.66,10347.510162601626,2037100,0,9827996268.51
195140602,9837.942028985508,1284270,2,5566660807.25,15270.87536231884,2037099,1,13431473757.9
2267546641,4761.7326789838335,1284270,3,1505639520.72,6723.956120092379,2037099,0,3262925775.58
164226176,1362.9157259634098,3108417,0,291957184.086,2599.902950008341,9473843,0,4376851377.47
2673148399,4267.860927152318,159856,8,300493247.113,5410.94701986755,240514,1,580522916.858
4061462194,3545.2564612326046,470134,12,537546498.286,4198.9443339960235,614496,0,874370344.915
2808847414,3780.1612903225805,866396,3,910928340.817,7223.551971326165,2326219,0,4494152958.82
77472635,5836.408629441625,1285479,7,4326247399.37,9586.926395939086,2037294,0,11019606723.2
913196785,4087.4355651547876,1285472,1,1631505910.03,7283.4686825054,2037292,0,4465708543.43
26283813,4943.59169550173,1285479,1,2213723713.34,7018.6239907727795,2037299,0,5272960649.58
283682540,8213.371390194761,1285479,3,2098234556.01,13254.713230355943,2037299,0,6315791160.16
3076039949,2625.1026150281364,360918,0,173322480.751,5516.602780536246,1470728,0,1573354400.92
453349711,5924.086795252226,1285473,1,2157334010.36,9752.683976261127,2037305,0,6587032427.04
378200785,8913.346880907373,1450949,5,5688152479.57,13081.137051039697,1997853,0,10645308777.5
1179455215,1991.5192675393441,3108416,1,988286515.466,4118.192307692308,4953096,0,4907498440.21
27607283,4994.87684729064,1285461,3,2497084497.92,8641.587438423645,2037310,0,6398884013.84
21527566,7850.666666666667,367585,1,1746608792.66,16998.23241590214,2832520,0,25951550651.2
432396682,2897.704764566159,1224386,1,548356996.199,6268.834334683992,5679525,0,6308222051.72
28306725,4953.996779388084,1285461,1,2543765577.53,8452.835748792271,2037298,0,8105698568.82
68659708,2542.2946746767134,1224381,1,389663589.422,5619.5253029223095,4953314,0,4540625546.79
578710768,1684.2230576441102,65961,6,16604122.2184,3014.0852130325816,278508,1,293452455.973
3147650973,11562.552631578947,1285455,10,7923167007.25,15822.565789473685,2037292,0,18991760966.5
163175714,2931.6941986234024,438437,1,338470398.403,5482.289085545723,796313,0,1417799302.96
221430116,1483.2335164835165,21485,2,6245478.77789,3196.8104395604396,278508,0,351218427.621
73379912,3290.5200611387086,1285455,5,754737846.743,5350.369889186091,2037293,0,2299780160.42
436576452,3681.3525703200776,1743386,1,1676341988.92,7786.053831231814,4953446,0,9307857271.12
221693300,5297.354471544715,1285450,5,3195973233.27,7111.252032520325,2037300,1,7379499286.86
3088494153,16102.1,1285450,11,13513528025.7,24329.415384615386,2037300,27,33089958295.1
3124878287,12037.608695652174,432664,38,3952655591.24,12269.717391304348,420640,15,3746965166.59
152758079,1230.3333333333333,5195,55,1885414.88889,3308.75,36117,10,97909638.6875
78604926,3899.228787878788,1285448,1,1432553328.49,15600.978030303031,4953497,0,28104353470.9
855110694546677760,2498.5210084033615,96328,6,47801869.1515,4144.36974789916,105886,1,130456115.998
31756041,1753.7591708917387,1743393,1,268882451.259,3239.3352967491796,4350743,0,2429679012.76
408454349,1520.6802067439207,1224362,1,130792126.255,2617.5725047080978,11589968,0,3464385770.21
2975603489,9627.235969387755,1285390,4,3729846714.24,12890.364795918367,2037271,0,9131422945.15
20181974,6021.652267818575,1285390,5,3788074807.73,36703.4686825054,12782256,0,361059438513.0
240030844,2803.1852409638554,431790,8,319450360.036,4139.911144578313,998530,0,1668918730.46
368452871,33102.935319148935,1285390,4,10098324448.4,46096.83829787234,2037271,0,21439547209.0
859433240452583424,1357.2470389170896,38529,5,7031358.25708,2798.492385786802,201485,0,170416802.585
949396808,21446.04163775156,1650328,4,12669232691.6,31227.974323386537,3000953,0,28544126356.8
28543847,1880.1581938417028,1504206,1,277602842.152,4329.7417338293035,4955024,0,3610989361.17
15726425,3166.797933948975,1751000,1,1328892629.97,20797.475191735797,93148785,0,1.36431197989e+12
34374472,1915.6940648465145,1857634,1,258837682.039,3232.2294801346416,4955626,0,2237567088.13
541791988,5901.321475625823,1285737,2,2733686954.63,13108.433465085638,2321980,0,15618089478.7
1342967244,7438.927553098632,1385082,2,2855485326.78,10689.141693337213,2037222,0,6432941755.9
16394067,5033.597550306212,789322,2,1422731106.81,10217.76290463692,2082746,0,8747548339.3
2826910860,2268.561983471074,56585,2,33237908.6098,4804.694214876033,286249,1,741103324.097
858790280211951616,3891.2631578947367,145691,12,233862568.278,3753.4105263157894,177210,1,342889931.547
2717669531,3500.1960784313724,56585,83,70960189.6478,9250.254901960785,286253,18,1685093366.86
105800463,1676.8341004986576,1751015,1,200765671.319,2938.7524932873034,11611652,0,3748881336.94
143779403,1157.7414570315202,1505810,0,71471579.1301,1881.4569392884318,8115466,0,1815594930.12
458314051,5103.551843317972,1285722,7,2436595660.59,8103.985023041475,2037240,0,5925182013.07
207697553,4013.2016932270917,1851132,0,1269951070.83,6757.906125498008,2692567,0,4467410854.5
38880112,3097.9244558258642,1453712,1,1407659362.63,6639.384122919334,2327772,0,5785673365.77
389434876,1719.3541721854306,867831,1,151966304.514,3148.9492862398824,4958712,0,2003432517.7
2260576352,31996.85201793722,1880184,2,14454958947.1,42997.42421524664,3237127,0,30256913801.6
989608254,5377.298245614035,1287213,4,2596270568.85,9402.434547908231,2037327,0,7745545377.16
5733842,3501.5528281750267,1287213,2,1937216565.7,5631.91462113127,2037327,0,4807263983.82
33881503,8266.371747211895,1287213,19,6518276932.07,12770.144981412639,2037327,1,16396312158.3
311956971,2761.737113402062,1287213,1,1235470743.93,5844.686082474227,2037327,0,4417790336.01
174396155,2023.0886208096508,867642,2,240307605.353,3968.034798747245,2328038,0,1738946674.08
2979904613,2142.953596287703,1287197,2,704203572.913,4398.414539829853,2037329,0,2366099420.12
76969741,6763.100558659218,1287197,6,1969855670.43,15062.84996009577,6223008,0,35648560323.2
932446861,1594.7929120123445,1800060,0,234465207.63,4203.22317265439,25893255,0,14953307790.4
89653453,12253.02205882353,1287215,42,12335661294.8,23997.985294117647,2037328,5,34353498245.8
3046364783,16646.14450867052,1454108,14,12673129355.6,22143.647398843932,2037326,0,20495408555.2
105876726,6454.882943143813,1287215,2,4237173874.44,10134.750836120402,2037326,0,9922700475.82
216516145,2474.5263640531866,1041278,1,773607391.105,4803.600641907382,1438445,0,2273753085.94
34244239,3056.6527342701156,3107875,1,1900040325.45,7520.998567976371,8138031,0,15415545102.1
28568666,2648.5245379222433,1041278,3,707824404.539,5693.838750796685,1071111,0,1534779101.89
486105713,3767.1321928460343,1287208,1,1005396597.45,5794.496734059098,2037322,0,2568074631.02
2880093051,7128.577519379845,1287208,4,6432487779.11,11228.624031007752,2037322,0,16341937078.8
1731554581,2486.115057582607,1041282,1,537027584.239,4914.9787966849635,2328187,0,3080982473.03
2391791419,4107.242299794661,1287207,5,1779864745.97,6937.919917864477,2037323,0,5882485268.64
241279770,4079.3263888888887,1543947,1,2490160746.45,10987.083867521367,8138053,0,39601555615.3
2317393614,4781.124895222129,1804947,1,2489563095.44,9479.984632578933,4353381,0,11630363646.9
114521927,1384.112359550562,12923,2,4518274.21209,32096.213483146068,2083426,5,49246681783.4
846658374,1223.7413793103449,13800,1,5525675.01932,2558.9827586206898,36106,2,50956738.9825
20995648,1749.8889684259402,1804952,1,242526180.871,3569.172322395914,6018670,0,3355599660.45
277712488,4289.470046082949,685157,4,1232320829.62,17736.923963133642,5964915,0,82108819809.8
121070777,1640.9776119402984,67943,4,35236217.9323,2102.082089552239,71240,0,58041965.7619
2818248860,6202.921052631579,1287196,5,5439532086.08,8857.236842105263,2037319,0,13633045593.0
24246234,2081.5402135231316,290722,1,133906806.495,2751.893950177936,346217,0,316614330.528
495068194,2538.5068493150684,1287196,1,1423132503.48,4499.103595890411,2037320,0,3682212780.48
19058678,1769.3221919323614,1224118,1,176322649.731,4537.609932440441,12787249,0,10418419653.3
264829864,6077.009009009009,1287387,1,2431543418.61,11831.68918918919,2037303,0,8612044395.86
26796376,2328.0142647367315,1543828,1,781779378.976,6355.624187119782,8138419,0,13314304777.4
7148992,3909.5461285008237,1287387,2,1752083121.64,6585.581548599671,2037303,0,6253193449.05
23105852,2504.791804457225,1287384,1,643799366.68,18355.636520488857,93657140,0,1.2631155805e+12
2977816791,1415.6951219512196,16490,34,3542579.91924,2531.5731707317073,89925,4,84807805.1471
145247081,3003.423076923077,74684,8,52357530.9236,8508.839743589744,390660,2,1530028653.6
381995113,4998.965909090909,1543828,5,3231679832.81,12045.569696969696,8138438,0,53866420017.9
18765853,4495.71393442623,1287384,1,2029707694.44,13406.890163934426,5966774,0,44995287972.3
3147590062,12904.884615384615,299623,115,3289357048.26,12981.884615384615,300041,14,3300380936.64
50370097,2149.74,22702,19,16804770.9524,10668.02,369644,8,2690369299.7
2775015936,7278.941988950276,982893,8,3137486251.31,11193.914364640885,1683704,0,8598858005.54
1872769464,12738.803608605136,1426687,14,5280586293.86,17658.961832061068,2037287,0,11180341677.7
265280042,3349.225,299618,13,301632336.663,5148.622222222222,300041,0,651416847.157
34940114,1571.9633550314802,3107136,1,450800061.788,2985.6535268381176,4961805,0,2637006096.88
339547394,4822.24975024975,1287359,1,2181753560.25,8259.994005994005,2037284,0,5843630096.65
4075449898,1467.1666666666667,2948,81,855082.805556,1247.388888888889,5574,1,2149709.12654
1190521543,3695.6280701754386,308991,8,434919790.17,6729.164912280702,505839,0,1528378142.87
358684753,6612.220623501199,1287357,3,4236657019.22,10384.074340527577,2037289,0,10518474552.6
1650144662,2599.1490494296577,991880,3,336254591.331,7070.146577946768,4961918,0,8725783618.6
17963897,17415.447852760735,1287356,1,5692663205.73,31255.28511462706,4855434,0,29004654005.3
195761047,6646.885189437428,1287356,6,3591454216.98,11069.109070034443,2037291,0,11313634068.6
351600865,5750.040466392318,1287356,2,2494614834.39,9956.172839506173,2037291,0,7698367187.98
606306570,2938.8358001265024,991934,1,544153528.222,6989.404933586337,4961932,0,7029020573.84
747807250819981312,854.7871600303315,1872150,0,48253351.0425,1822.1071464554068,37635874,0,11357740311.0
784431038,5842.614457831325,1286810,0,2482866525.91,11030.017211703958,2037064,0,7169122122.92
1356297770,4755.594553706505,1286810,0,2801644821.8,7449.307110438729,2037064,0,6845932475.93
24727170,2675.8738401883397,3105900,0,1025962744.88,6729.291649356045,4967179,0,7190618075.03
435929343,4700.287022900763,1286809,5,2772885624.22,9628.204580152671,2037062,0,8430559275.58
568174146,3489.145422689444,1884642,0,913514872.744,9719.721711198716,4967200,0,12437813581.3
104692964,7394.396206896552,1286802,0,3085201230.25,11441.711379310345,2037055,0,6053651947.61
627486344,4419.310517529216,1286802,0,1978001303.77,7375.20367278798,2037054,0,4874225447.66
11906032,5831.757301522008,1884903,0,4621873887.96,9586.24722336487,4359146,0,14787110339.8
129569947,3050.775079197466,1046811,0,608230806.295,8433.977221300347,2330794,0,4701676510.67
2371641993,8020.43287037037,1286802,1,4360218477.49,13542.756944444445,2037055,0,12933205080.6
813333221664493568,1671.6875,31085,6,17395201.7898,1356.6375,32076,0,24287453.0311
109245603,3736.736440030558,1286802,2,1439376993.96,7958.310924369748,2037055,0,7804796628.68
106115066,2780.5146948003016,1512442,0,791401794.275,6658.104998744034,4967257,0,7167345559.37
558138267,5667.453618756371,1286800,0,2332678720.33,7719.512232415902,2037051,0,4456969594.12
18951643,2898.3621955288622,938780,0,541639545.041,6983.887887887888,4857972,0,7931230740.69
99183766,2094.978021978022,73508,2,45383782.7468,4728.554945054945,203046,0,581374919.972
1952492228,13795.487084870849,1836526,1,9977224475.09,18624.166051660515,2695228,0,18852142340.0
461451393,4034.030201342282,1286800,0,2052866692.83,5533.527684563758,2037048,0,4725235892.55
1652897768,5367.854126679463,1286799,0,1808667015.19,8261.463211772232,2037048,0,4033320150.17
453133872,3599.5463337831757,1886788,0,1415974319.41,7363.880791722897,4359231,0,8156218861.58
2673148399,4239.309210526316,159775,1,298531918.714,5387.460526315789,241129,1,578667015.393
496060628,2964.442254082039,1286799,0,719507346.222,5717.166666666667,2037049,0,3247636355.57
220480870,7993.121160409556,1286799,7,4390276722.93,10764.749146757678,2037051,0,8804240916.93
457060718,1703.0130035775392,1120878,0,213068202.354,3216.706983978846,4967384,0,2822376104.71
20736534,4545.094087021197,1286796,0,1431072022.63,7041.547415396058,2037044,0,3145207013.09
197804641,6439.600456621005,3105862,0,6970951715.91,11926.057648401826,4699320,0,18000788354.3
18678625,4625.466591802358,1286796,0,1948924958.67,62854.305446378436,93878764,0,4.95384582908e+12
19087569,3430.3178958884127,3105861,0,1597938145.45,7129.419181329201,4967507,0,8535614717.88
30234371,4682.842417061612,1286789,2,2229782328.51,7834.626777251185,2037037,1,5660742420.38
33921661,3229.656615384615,1286780,0,1140371312.12,6340.338461538461,2037040,0,3790083845.02
200519122,4585.01284855112,1457935,0,1965946358.18,8021.749863313286,2330957,0,5961819244.37
521713321,5637.1412248628885,1286780,0,1623135879.83,8993.674131627056,2037036,0,4383932758.36
101712079,2753.2597554848435,3105851,0,982315945.656,6318.1674203092725,4967614,0,6060008937.31
21137004,6797.278260869565,294412,23,1457975370.37,11691.104347826087,440372,3,3390322069.97
113476721,3244.6062726176115,1286765,0,887265247.005,4514.199758745476,2037026,0,1847130957.06
2494392186,4959.707105719237,1286765,1,2985687304.57,10892.133448873483,2037024,0,11441361315.6
2363670413,1743.63004468402,1891484,0,379097051.379,4330.407050145401,11836897,0,10049022075.3
568249574,4341.16867712103,1891477,0,1785600741.56,8590.94229995979,4359859,0,8310208789.66
503492894,943.8275862068965,5377,14,1134491.522,1022.551724137931,5748,1,2271458.59215
181105871,1804.128205128205,36075,0,18871845.0605,2219.871794871795,64825,0,72306277.0861
181243457,2003.676605504587,45830,0,13374541.0628,3082.733944954128,279740,0,229684181.778
927480949,2825.3682434807056,1458016,0,529325572.651,5792.73416742813,4967952,0,5090026128.14
131970620,3118.7590732770072,1120871,0,638156270.055,6431.081832190871,4967975,0,5519636258.32
1654791650,11297.151331719127,1398260,2,8186253100.2,16248.544794188861,2037017,0,16349796177.7
2198180998,1992.7614678899083,128917,0,60218800.3345,3346.2844036697247,137028,0,168815508.191
858487135825002496,2115.7727272727275,36075,6,16841581.9938,3214.390909090909,116436,0,149927162.874
151028274,5170.806330472103,1286746,0,2284732568.6,10628.621244635193,2037017,0,7075337123.51
494082207,3972.561497326203,1286746,1,1753360080.62,14985.03980986334,13651751,0,114791931253.0
175005016,2941.6816968258677,1047736,0,623648385.367,6608.722040937408,4968048,0,7119209604.98
100260784,2957.8872201492536,3105775,0,1266639876.9,6521.781809701492,4968099,0,8151682914.44
17513747,9494.943965517241,1286740,3,3699924233.36,15387.367816091954,2037013,0,12541093692.5
172090468,4572.242565845369,1286740,0,1812120699.93,7170.579439252337,2037013,0,4324405191.33
580749365,3022.7942978950173,1891503,0,713366052.773,7916.868549604761,4968164,0,9033106249.56
228360358,4558.745704467354,1286746,0,2453328944.94,6127.696735395189,2037013,0,4811663055.04
550076077,2773.7588628383737,1891518,0,962772381.051,6360.4202061388605,4968234,0,8337865919.74
84276399,1804.1719626168224,68092,1,16552634.0489,3310.014953271028,279773,0,232415961.682
301671009,6286.696220930233,1286740,0,3712595821.14,9729.015988372093,2037019,0,8309267506.79
373442908,2938.246002849454,1223855,0,822144760.759,6153.603451005224,2331227,0,3930663089.09
542025094,3861.474551971326,583496,0,542626049.246,4891.417204301075,916261,0,1097703020.19
932745390,10067.30859375,1653900,30,5384297403.95,13684.604166666666,2999610,2,14166173343.6
20276412,6791.149435273675,1286740,0,2815310017.75,12564.942658557777,2202747,0,10260352158.4
128642272,1748.475,12923,1,5301708.54937,9860.275,279781,0,1926892116.25
2890801661,2636.9041678480294,1458307,0,1184186720.06,4374.26793308761,2331247,0,3449689862.52
105200096,4551.202430640806,1921133,0,1328574713.08,8975.307881168672,4045399,0,6257961442.44
187632184,3440.2303045557514,1899418,0,1121240008.43,7947.812232569847,4968384,0,9629123055.08
1963428127,5266.610451306413,485916,3,769919239.853,10020.807600950118,1782949,1,8021850646.21
1350441445,3295.6739479205235,1899578,0,1250672652.54,5888.107861285944,4360281,0,4974819703.46
522501686,3098.473165388828,1286716,0,655843944.537,5795.93713033954,3452104,0,4657268741.16
3088489516,5509.220193953223,1286716,0,2449582745.29,7428.695379349686,2036995,0,6058420069.06
199827483,4703.735318444996,1386932,0,2234990424.84,8481.973945409429,2324414,0,6838574860.84
124768144,1958.357142857143,54093,19,38665533.0391,3199.0714285714284,76661,0,116739081.114
3127533492,1954.8536585365853,12500,11,6218637.1981,3195.048780487805,36088,5,60690095.4123
1351389578,4080.3303473204464,1842895,0,1772133846.95,7169.582115354393,2695840,0,5727003388.0
459224564,4619.158690176322,1286716,0,1584905505.48,9777.714105793451,2036992,0,6740240380.81
962576641,11006.304347826086,1286716,18,11883962091.2,18714.268115942028,2036992,5,30313590527.5
312926964,7826.791176470589,1286716,2,5059765766.32,11658.729411764705,2036992,0,12550228132.3
3066126892,10764.777777777777,1286716,105,8473618330.1,16406.944444444445,2036992,11,21391031738.6
1633543440,2618.1632478632478,808962,0,446672152.33,6900.910826210827,2200793,0,4363114490.21
19599760,3309.9488636363635,101450,8,106034514.787,6889.551136363636,279813,0,738664540.168
2323710210,2690.5824978759556,1286699,0,837146407.658,5716.355989804588,4968471,0,7124962722.35
40297217,4235.99357456882,1458781,0,1962363491.82,11530.835306053432,4347800,0,14179028060.8
566536507,4928.480566654559,1292443,0,2193029658.23,6438.490010897203,2036983,0,3710997078.95
2909746599,7747.494923857868,1834866,0,4020167075.48,11056.547588832487,2695860,0,10229152526.6
269727431,7473.068548387097,1909165,0,7417022784.66,12984.321236559139,4362347,0,31551164624.4
2863801762,6633.254098360656,1286699,9,4624325899.47,10138.991803278688,2036981,1,11705736965.0
82093305,2221.7975994540566,1223841,0,264873563.701,4826.4500020071455,4968687,0,3483346167.05
3092618146,10295.735294117647,1286747,0,9782943330.19,16427.79411764706,2036973,2,24863299113.6
2912985754,2769.98916967509,143802,35,88422148.2851,5617.205776173285,472730,2,1150009258.91
77808680,2822.5631917172436,1286747,0,527318406.584,6396.683327383077,5716602,0,7139400506.22
257653019,8439.012578616352,1286741,0,5541032612.28,12234.48427672956,2036961,4,13712328987.9
18760041,5051.097969991174,1286741,0,2771051160.24,12138.596646072374,6301303,0,40251679304.3
43312141,2594.1913543818237,808961,0,295486685.132,5154.606963706108,2331640,0,3220638086.15
84563846,2322.4486822160284,1921977,0,582619316.273,4787.710918781478,4969096,0,4888579542.28
65383450,1318.9736842105262,5189,1,1757780.44668,2129.342105263158,36083,0,34108639.4356
20041276,5736.887505763025,1286804,0,1985279399.75,9839.777777777777,2036945,0,5806875038.84
20306686,16449.70491803279,1286804,2,9793849699.77,23658.95737704918,2036945,0,19887967641.7
80968760,3268.5971576008797,3105686,0,1721911882.94,6997.02123339819,4969223,0,9869555572.27
21111483,4129.674418604651,3105638,0,2654215133.29,26448.95485636115,93942780,0,1.52236820343e+12
2983891405,3517.178703021371,1286799,0,1239518777.98,4554.27781871776,2037007,0,2348161894.71
23777452,5565.5169946332735,1286794,1,3297022570.92,12309.236135957066,2037004,0,10171667688.1
2841826715,3173.905050865608,1459359,0,1059847738.21,4741.851329644833,2332165,0,3564541253.31
112761860,3498.2126854815247,1408279,0,1082665366.63,7061.063136456211,1781717,0,4502294497.22
2187308145,9461.492957746479,1286794,35,7773384570.25,15052.089201877934,2037005,5,19762140176.1
22804395,1785.3548387096773,40240,1,14129530.616,2668.5032258064516,68064,0,74582454.521
2204660084,4012.3046080191502,1286794,0,1776561208.36,12697.08078994614,4969522,0,24722131520.7
1227716558,3648.700099966678,808939,0,758977886.997,7712.771076307898,2332191,0,5845059399.32
3012159189,3448.595238095238,1286794,0,922248243.146,6084.525641025641,2037004,0,3009004837.75
150003582,2578.6,5238,96,4946092.64,9238.0,36082,35,192765281.2
608508170,7092.462686567164,1286794,1,3765840160.86,10835.419776119403,2037007,0,9161910294.64
714049944,5866.919463087248,1286794,10,3822487044.88,8961.642058165547,2037007,0,9633510585.83
815306454,3247.5755147250457,1050567,0,495165810.667,6281.697875944748,4969573,0,4502947915.18
241841666,17689.41075794621,1286786,14,8624251848.87,22971.823960880196,2036993,0,16536048152.6
986390774,2212.2005333728425,1050561,0,299841859.326,6598.931180087414,7350321,0,8657925389.93
1551071150,5344.310223266745,1459607,7,4538075003.67,7265.9588719153935,2036991,0,7567301477.81
2704774585,16045.646723646723,1707413,4,14967214249.8,25649.789173789173,3239095,1,43970060828.0
1216506050,2229.9562443026434,327103,0,223503904.304,3676.401093892434,452164,0,486250631.485
2432641802,1920.1781818181819,96378,11,36739911.1937,3075.9127272727274,279916,16,355999073.251
573682548,7580.791583166333,1358687,4,7011459350.04,10877.27254509018,2036990,0,14180963346.7
3143931867,1092.6623376623377,11048,9,3546074.45741,931.3636363636364,21592,2,7468779.37426
19534396,4994.868532654792,1132411,1,1513348676.5,8365.701441899915,1148046,0,3251573986.42
42163539,11747.051181102363,1286700,1,4536052843.35,16431.42257217848,2036883,0,9746903746.54
250306638,6441.906820950061,1286700,0,2569513763.81,10949.881242387333,2036882,0,6653785351.81
19915728,1995.27327399567,1286700,0,514323901.052,4375.904498436373,2086204,0,3563778445.29
3034405491,5747.996923076923,183782,7,337650067.129,7963.178461538461,280038,0,764089142.762
449139643,2641.7792754844145,395785,0,251347738.854,4927.973883740522,723178,0,962403104.738
496906695,1422.225352112676,50809,0,7655876.71823,5753.032394366197,1492710,0,3380011172.59
394841647,5023.078313253012,1286700,0,2923330823.01,8266.980421686747,2036879,0,6845013167.92
19973305,1923.3143984434116,3105269,0,574204432.942,3479.4577883472057,4972213,0,2900601587.84
1342705754,7698.971861471861,1286704,3,4323929562.78,12273.839826839827,2036859,0,13125530070.4
2660755152,2541.2159432487674,2001445,1,781503707.792,6031.454009859324,4972273,0,7876752724.47
392155662,5188.883551673945,323702,2,602675150.906,7835.516739446871,396580,0,1295267682.91
532241033,1645.9086146120044,2001480,0,283897790.402,3045.0246752619632,4972468,0,2348655868.4
483224449,3017.3725190839696,418663,1,369074315.034,5163.7374045801525,791983,1,1751239573.31
260738126,4095.438675696012,1286687,0,1893661723.81,7199.244544770504,2036857,0,4890755121.64
250311545,2794.5974250161835,3105237,0,1164188869.81,5794.276774796806,4972532,0,6037247654.35
1527302432,5413.251732101617,1286690,2,3859550841.09,8545.45727482679,2036848,0,9877982242.23
391973986,7040.496332518337,1286690,0,4126345853.45,12837.657701711492,2036848,0,13826067924.3
855421480481456128,1988.322429906542,113325,11,35443798.2185,4092.0397196261683,239057,0,235319961.029
360890130,9194.60088691796,1286690,8,5342614600.95,17057.343680709535,2586101,2,25003298797.0
23210863,3991.8706896551726,275113,31,648767815.268,25845.5,2086322,0,38341182282.8
1520163139,6443.674623115578,1286690,0,2802178536.68,10741.800251256282,2036847,0,6933507457.79
140020746,3052.0581395348836,867193,0,450646277.108,6679.421926910299,2333675,0,3744902645.36
20585205,28775.22943722944,1385376,0,10475006236.9,35841.02164502165,2036848,1,16721826860.4
550086106,7968.112745098039,1286690,5,4486973514.13,11636.178921568628,2036848,0,10787640990.3
118429508,2948.5491236731673,2001513,0,690177296.756,5555.8274500123425,4972685,0,5370134175.52
2723743580,3934.8074074074075,208908,2,343367676.674,6236.2,288879,0,1007906257.51
376905231,1221.0363636363636,110930,3,33421411.1519,1509.2051948051949,110997,0,65960484.1163
35598574,8442.784355179703,1286680,0,6262220672.61,15711.346723044397,2036838,0,13878225748.6
19407599,3414.810290734156,1461705,0,1163774414.35,7486.556578121732,2987080,0,5320087369.13
114689761,1116.2641509433963,12922,14,3770565.98683,4243.518867924528,280084,1,762687627.212
3072775744,2927.729292929293,158023,3,104396786.032,4055.911111111111,280084,0,304126213.701
309587728,3404.912817551963,3105223,0,1530738198.36,6848.817139557902,4972791,0,7494359419.1
67575441,17532.87153652393,1778496,1,9068210967.5,25614.324937027708,3238234,1,24785331493.1
407091045,5312.201384881708,2004644,0,3667420866.8,8381.594922100405,4377310,0,14158203297.0
86192099,3107.840704575914,3105212,0,1613796490.32,6719.143978556385,4972926,0,8957028005.72
1704469674,3084.8508287292816,239143,0,277811413.061,4753.359116022099,280092,0,629514445.639
19858924,3226.3756089894705,3105211,0,1820227677.69,8358.008486562941,4972955,0,12533089070.1
130857126,3334.594011976048,1286656,0,1342572707.66,7079.670658682635,2036823,0,4487830349.33
528528903,1592.655172413793,5186,15,2564608.57075,3731.310344827586,36077,7,74056260.9037
103085575,2676.445569620253,808859,0,505675004.069,5715.724303797469,2333844,0,4324016477.53
20228559,6640.987468671679,2006422,0,3159866256.45,35804.077861319965,94028529,0,1.54253831974e+12
15673183,2596.906962576153,1286656,0,586258489.466,5991.351000870322,4738105,0,4781025679.9
386776248,2404.604538904899,1513685,0,517689334.72,4600.591282420749,4973126,0,3874968654.46
2819552283,3779.8966026587887,697880,5,856859086.444,4982.983751846381,683855,4,1080924902.92
36924726,1442.6475378458326,1173309,0,163913051.079,2425.703619279624,5969340,0,1857693150.93
142994950,8216.8675,1286574,0,3954285819.65,14077.39375,2036803,0,11787956503.0
215206530,4271.342415146617,1461838,0,1662544862.11,9921.753405679981,4973428,0,11580648672.9
2176717478,5928.6614173228345,549559,3,1289362934.72,8992.36220472441,794118,0,2981406391.14
494828691,3020.316628452888,2017447,0,990837729.032,6541.308876514903,4973478,0,7776091220.51
128590458,1728.3636363636363,11897,0,4186054.17946,35549.896103896106,2086574,0,56926119026.4
20148039,2233.3315455623742,860785,0,231966522.988,4941.356711876644,4973545,0,4250300345.69
36154400,4446.027855153204,486872,0,600145552.174,19938.72423398329,5901716,0,46486834627.5
50267356,33744.34210526316,1223662,17,38273222382.6,31595.78947368421,1116387,6,31845143865.0
80697605,3772.911111111111,1286565,0,2155299892.33,5839.84074074074,2036795,0,4890176520.8
382612033,4091.4,246799,17,600235679.9,17019.59,1051944,2,11670661694.8
1469686752,2562.915089034677,996154,0,432287706.227,7151.211433926898,4973611,0,8563545113.22
3072168695,2771.4225495175215,1286563,4,1065991625.62,4771.437277805993,2036798,0,3960530739.98
27718919,1422.125,5189,16,2440371.60938,4691.5,36077,12,140844176.25
92498317,2427.2936575827935,3105122,0,933636339.515,6014.8107051203715,5969293,0,8465518562.06
225857392,2435.653095294879,996152,0,285532116.795,4881.156246805901,4973978,0,3696532497.38
2863905923,5207.052503052503,1286552,0,2528072722.19,7528.622710622711,2036815,0,6392414368.98
20124345,3407.5414781297136,419480,0,609932882.867,7173.838612368024,694252,0,2200389747.73
430299812,6137.634371395617,1286552,0,2400201416.42,9217.136101499424,2036815,0,6209391735.68
116855481,5680.932020628223,2017515,0,4632963793.0,9368.42194092827,4378346,0,15866265875.8
91786287,2260.2662919517757,3105106,0,1244746400.62,5136.873737373738,4974186,0,6691601046.7
3084691864,8446.747311827958,1286549,7,8833422073.74,13074.0,2036816,1,22160715469.1
3039502624,9943.380108991825,1286549,0,3430990413.47,15225.608991825613,2036816,0,8448665859.08
478891321,15810.098901098901,1286549,7,17946262413.0,32354.021978021978,2036816,0,50334188366.1
237700394,2075.2474659210066,2017521,0,555206658.318,5689.435062665401,4974343,0,6320479420.68
865128397,15305.597667638483,1816191,0,9537945256.02,21206.620019436345,3235472,0,22782374123.9
112814041,6759.75,1286545,0,5658634996.0,20722.10616438356,2086675,0,29422463802.6
3034417965,1738.8,8691,68,3909968.08,5863.52,51241,3,207987196.49
60585651,2315.82735114079,3105096,0,1003921129.22,5508.956524763495,4974468,0,6274074533.15
76948062,3406.671875,1286542,0,1746302754.49,6245.397916666667,2036803,0,4814340590.34
23424533,3877.2248555479387,1969950,0,1983161981.92,6310.094799725786,3238437,0,5074995746.82
3094724475,11007.868263473054,1286541,40,10050591072.0,15779.119760479041,2036802,1,24842874519.5
2982284249,6593.464285714285,39543,947,85801648.963,8321.785714285714,152144,23,861214022.026
508707905,10623.571092831962,2017555,0,7934795189.35,17270.293772032903,4378437,0,30554505989.5
2342164885,4841.845278725825,1286544,0,1555608029.2,8529.84470989761,2036791,0,4324959984.28
1693194818,1668.5555555555557,13879,15,5494428.21517,3152.746031746032,36077,5,45865006.3799
