1872769464,12678.559147180193,1470250,0,5423127111.18,17428.892022008255,2036787,0,11085035974.0
19447175,4947.429447852761,628415,5,1569350387.54,351125.0552147239,94061745,0,2.76271880388e+13
752820350371717120,1680.9488536155202,58176,0,13874798.3625,3483.225749559083,289049,0,395566940.711
92363214,3744.697729052467,1972085,0,3122182935.88,5209.371182458888,2698372,0,6150804396.69
1553831654,1446.9251968503936,65942,0,20264028.1243,1534.5905511811025,68429,0,29477131.8796
858789131622723584,1591.953642384106,53402,7,17079254.819,1511.9834437086092,71440,2,35751626.4732
857290145795641344,1740.6842105263158,64070,4,42719051.8582,2806.4,178712,0,331723787.903
65415768,9446.821205821207,1973511,2,9657144023.35,16684.640332640334,4862005,0,43458008634.4
539849453,3463.0765776412195,1462782,0,1688310243.04,6597.099976364925,5733672,0,12026140129.9
19650715,3807.8110944527734,432471,0,649696257.85,12001.752623688157,2522380,0,14671693916.6
3072556480,6316.546992481203,1286537,0,3502043317.94,10080.887218045113,2036785,0,9483240247.68
562385310,4760.731141199226,1286537,0,2673311104.87,7892.627659574468,2036784,0,6371156074.7
52522161,2140.176,68567,2,42216791.601,3225.8,95685,3,143125394.528
254533424,11679.702821869489,1286537,3,4703118643.58,16755.582892416227,2036784,0,11193070996.7
870198840,11790.475953565507,1654147,4,8511611632.56,18980.87230514096,2998854,1,25026402175.1
125151345,3139.75,51127,7,70819161.8542,15759.0,280139,3,2646994439.67
813678139,3807.025977366255,2017590,0,1714504468.77,7700.106995884774,4378574,0,8727946394.0
1134752502,2167.206896551724,808819,0,548600784.123,4757.919540229885,1495620,0,2848472065.47
4099573113,6082.353107344633,1831083,0,4497499889.65,8581.831073446328,3238896,0,11716056181.8
274033876,4789.5178719867,1286538,0,2071679380.46,6861.094763092269,2036783,0,5004818385.65
305659027,4986.808262711865,1286533,1,2486791203.01,9123.949152542373,2036775,0,8141123592.6
2278921206,3015.640769422933,867662,0,507094959.149,7438.318760929303,2334503,0,5232623976.96
330622644,7567.473010573178,1286695,0,3814476213.82,11485.372287145243,2036776,0,8224719790.34
2175891740,2009.6136363636363,13878,16,7913935.328,9091.09090909091,280135,4,1759481539.72
857757465391378432,24175.862068965518,1286695,20,27971872817.7,37124.224137931036,2036776,2,70189980886.9
701064119370326016,1672.1962915601023,285226,0,76458206.5184,2991.595907928389,1013902,0,841809613.156
3156696916,2467.8709677419356,12150,49,7007828.564,3524.2580645161293,15973,39,24124521.9979
90275968,11586.350943396226,1286695,1,4503448844.56,21567.586163522014,2036777,0,14827846652.6
2879189757,3528.729885057471,357004,0,727158507.255,5907.741379310345,355978,0,1179515598.33
370386782,7672.350903614458,1286695,1,2387420358.87,11783.144076305221,2036777,0,6746053060.03
111013369,2436.451722912966,3105040,0,1177621740.78,6505.976980461812,5342495,0,9175260947.79
848525802706743296,961.4,2199,12,407553.306667,4329.333333333333,46807,3,134893315.822
162472533,2014.0598594681135,1125594,0,211630136.384,4306.226874499689,4975887,0,3569517418.23
472951171,1010.7073170731708,10888,10,2067000.581,1918.4552845528456,61347,0,46677823.6139
422184091,2207.208853980721,2033067,0,570528567.324,5827.0598000714035,4976075,0,6564464840.14
229846131,6789.506578947368,1286662,1,5458674793.49,12391.069078947368,2036754,0,14363517545.0
24228290,6884.61801242236,1412945,0,4415207536.53,8928.04347826087,2036742,0,8018053981.02
222748037,1450.9332151583385,2035940,0,220685432.799,2301.12596815663,5969368,0,1798540298.26
23431198,3398.2344913151364,1286646,0,1346992969.07,7488.260545905707,2086985,0,6905072487.86
496278040,1978.564313265135,1223630,0,379468736.875,5224.37743864945,4976522,0,4823370378.58
1707450434,6583.485148514851,1286642,4,3734680193.75,11137.944554455446,2036736,0,10235888600.4
2862527512,3661.7620125786166,2035954,0,1747837640.11,7070.380628930818,4381521,0,8314557111.1
200538258,6738.76220362622,1286642,0,3570982439.45,11053.255927475593,2036737,1,8524593918.84
111411358,1886.08005700394,997839,0,181134620.318,4444.907368597535,4976620,0,3770474747.59
2369038173,3817.410199556541,1286682,7,2018724876.64,6116.133037694013,2036737,6,5116400821.79
240202308,1590.9283812925398,1223616,0,160219297.665,3284.0687883280543,12032973,0,4541531864.69
776206303,4282.7800369685765,698148,0,1251175414.1,3671.6617375231053,326052,0,457509946.597
51062977,3957.5255639097745,1463862,1,1686607853.33,10720.508270676692,5969405,0,15699792447.7
202174004,1680.8341232227488,97207,5,27836062.7734,2191.268562401264,279992,0,174570022.143
214128669,8744.905660377359,1286661,14,7758699773.58,13779.88679245283,2036717,3,19812312759.6
16454546,7063.5169971671385,1286661,1,4226372697.98,197614.52124645893,94109361,0,1.3015865815e+13
729625299982422016,1561.6470588235295,5205,123,1703522.81661,3208.6470588235293,70270,15,139698164.699
2903820484,6840.0609756097565,997851,0,2120894775.36,8003.012195121952,1142006,0,3723720850.11
83666111,1538.7861635220127,36326,3,10599593.6901,1786.8238993710693,39331,0,18193341.013
2776642906,7065.078291814946,1286661,0,5881903205.48,10986.416370106761,2036717,0,15029523809.8
357805905,1931.295362345565,1223614,0,283302289.902,4211.065000921999,4977489,0,3840200901.06
19915728,1995.4165265433583,1286651,0,513564300.657,4374.8316118184,2087376,0,3566113517.26
147734164,2801.2456552766353,1055391,0,607870043.036,5394.161699269583,4863361,0,4426466934.62
277531410,4373.811118130133,1286651,1,1662942836.88,7215.939355653822,2036702,0,4459531541.6
2359940569,3868.654109589041,299452,2,364307910.24,5509.773972602739,336003,2,732229153.466
189280488,2561.07074390498,2042899,0,899398953.595,5061.981767034799,4382601,0,5490754047.9
118117970,3873.504705882353,1286639,0,1529485160.96,5343.667647058824,2036700,0,3344847306.13
132236753,2163.259296787922,1055385,0,330581574.687,5113.879521734725,4977732,0,4725169188.27
3235792173,1299.7094972067039,10889,12,2726587.2117,1572.3351955307262,59736,3,28930616.4575
3387996465,3241.5651074589127,395761,0,353171874.891,5358.242730720607,726211,0,1436888832.1
26739338,8959.648093841643,1286639,6,7771676058.93,11755.844574780058,2036702,1,15175527870.0
21801576,4440.617106773823,1286639,0,1630412867.62,60469.77497129736,94127735,0,5.08610465155e+12
129951559,8881.002028397566,1653358,0,5356876209.68,13985.152805949967,2998585,0,15096172018.1
248186795,2380.3295283392786,808750,0,309125442.594,4828.9520412207685,2335167,0,2616013156.81
153914621,2039.805215022378,1055388,0,338918388.006,4597.16326133489,4977862,0,4464099679.9
68391291,10903.555555555555,1286625,1,5890767640.44,15610.65029239766,2036687,0,10543294183.5
20229729,2971.4220562529795,867783,0,515110506.444,5552.064198315588,2335207,0,2986128763.7
776725945373888512,11457.529968454259,1286625,5,6558369160.77,14449.429022082018,2036687,1,14538315761.8
130133607,4222.0624870251195,3104792,0,3485633061.54,8243.10317625078,4977938,0,14324087023.3
245849058,1850.5300788091067,1542989,0,314030635.131,4608.074737302977,8142760,0,6629761369.99
257586901,10884.415458937197,209689,7,891621655.596,18714.8115942029,784700,3,4926032607.85
57148778,3928.06015037594,275100,1,598810584.402,21230.51127819549,2087483,0,33154136203.3
14395178,2685.8185046360227,2042899,0,807470556.702,7447.966265535609,4977992,0,9004628964.06
859045103473655808,8520.59162303665,1286618,28,8606377007.93,12951.157068062827,2036690,0,21611624300.0
554339264,2335.3223684210525,97982,0,62475760.8698,4131.075657894737,341783,0,697752040.544
2902930059,3287.7183937823834,867810,0,759663089.595,6771.269170984456,2335302,0,4004551980.73
2205752888,12947.11622276029,1430625,0,6394811080.27,18648.73607748184,2041547,0,13532583424.1
17298241,3042.410583559925,3104796,0,1767991652.1,8309.644530432965,6317751,0,14946304259.7
1296377024,12464.067156698964,1799109,0,6640699049.93,16997.731039091213,3241942,0,14450891022.3
3039349901,3042.696296296296,74423,17,54214866.4337,5257.785185185186,279947,0,627958113.028
20688804,1701.8598717606199,863059,0,156634182.512,4044.4881111407963,4978113,0,3628070318.58
206986175,5695.606622516556,1286603,0,2864449100.21,8641.19867549669,2036676,0,6545375403.69
387054267,2633.0451584889274,2042920,0,690447349.661,6084.447079895788,5969372,0,7552517285.42
129175534,1606.1472392638036,19431,0,4233308.52433,11080.472392638037,2087593,0,13790417674.5
236953412,3248.1282809174745,2042933,0,1150047623.41,7962.217900212816,4978258,0,10080877219.1
396567808,5248.013264129181,1513745,3,3321993609.47,7964.638985005767,2036765,0,5264434517.47
615011876,2649.1163895486934,291455,0,172760629.951,8286.432897862232,2335437,0,6240160264.36
27212119,2310.7072135248854,2042931,0,434539583.659,5154.583374398241,4978326,0,4336609997.28
402320829,8418.78947368421,417507,22,2031123338.47,11290.405263157894,745380,0,4896486115.19
21346129,8514.373892498523,3104728,1,8472484503.4,14255.77495569994,4697942,0,22973754567.9
407741330,2368.311405463924,2042921,0,513895037.218,5629.803604406801,4978503,0,5624092379.1
253490735,2557.9964993348735,2046213,0,525643175.734,6028.384583070783,4978505,0,6439215545.62
14717104,2887.529080675422,290603,0,211548554.602,4800.482176360225,346034,0,612742832.242
2825883455,3339.544157002676,1287418,0,1596553338.21,4601.592328278323,2036777,0,3950857332.09
3030160806,4251.476493460586,2046192,0,2567516430.89,10056.603746907034,4383060,0,12137971523.5
21408041,2578.6931750298686,2046197,0,730250496.119,6016.975881123059,4978469,0,6846576189.03
14741951,4893.3733552631575,1287414,0,2919060372.23,16785.1875,2803140,0,27460256640.5
860873578526494720,1390.9910714285713,9676,12,2445714.54456,1703.8169642857142,88854,0,41723372.221
813333221664493568,1702.5238095238096,32684,0,17880628.2494,1317.892857142857,32036,0,23334920.2861
101262304,28756.9567720938,1920623,0,10088916451.6,40514.369273136945,4978542,0,21803804276.1
20000725,1395.6640831849036,2057792,0,195259985.747,2956.7015998331167,12085340,0,5983671472.89
711964386,6057.680232558139,697783,0,1835055573.93,9896.798449612403,1787141,0,7720266433.47
277496722,3199.284781144781,1126382,0,561809327.737,6746.073872053872,4979006,0,6403929427.78
443044360,2215.7115716753024,231109,5,136998515.421,2790.6908462867013,279957,1,311546086.497
847203498701869056,1948.2209302325582,43572,18,24210076.3349,3319.3255813953488,109572,1,232103067.941
1140683299,10456.79479886225,1897905,0,8145168956.82,15434.341731003657,3243753,0,18886514791.9
191074455,3482.6810477657937,1465557,0,1035855177.31,7805.3900506273385,2335606,0,5284676065.09
6774982,3922.963268365817,628387,0,507832170.233,87734.75637181409,94183548,0,6.76930004458e+12
23642018,2260.4092769440654,438179,0,313539455.811,7490.346521145975,3033705,0,12938417537.7
15133808,2864.1233750745378,1765225,0,885174977.634,5366.019737626714,4979089,0,5000695143.0
2873822342,4397.715512306811,1287386,0,2025757689.31,6297.780194619348,2036794,0,3909820091.75
2699190565,4923.368975903614,1287386,2,2691218762.23,7671.2424698795185,2036794,0,6931197067.95
1114522266,3141.422777685814,2060847,0,1521017582.06,6542.440655520609,4383924,0,6449877884.24
124152473,2051.649012567325,73492,7,12919407.1488,18794.59066427289,4979186,0,37923954702.4
279545611,1049.9173553719008,9270,2,2168233.71218,1113.0082644628098,21855,18,7496886.38836
392844272,5293.634275618375,1287385,2,3297384009.94,7770.295053003533,2036795,0,7864664123.34
537216043,3969.8113425925926,1287385,7,2021465593.32,6305.246527777777,2036795,0,5095611525.01
28803498,8387.45,1287384,11,4883376767.18,12441.505,2036794,0,11666960366.7
3036280263,2459.411132345915,3104517,0,2002982380.39,5069.323339703775,4697664,0,6937786683.49
418116925,1763.5384615384614,12924,49,5357072.58698,6151.630769230769,279965,2,1194571192.08
580106431,4162.532012195122,442227,2,623474863.542,6247.6875,532529,0,1341446671.88
218546028,5224.987281399046,1287373,0,2956061723.06,8025.127186009539,2036789,1,8026003141.57
1417840321,3719.8134608814485,808667,0,726031796.953,8410.037922787837,2335749,0,6515438257.39
1430228162,4298.9340232858995,1287373,2,2263863814.29,7121.71021992238,2036790,1,6820357184.73
894929970,16109.377398720682,1787387,0,7736500567.7,20351.733475479745,3244296,0,17236393268.0
716516140,1192.807453416149,10370,6,2506962.30454,1161.776397515528,19591,1,6058791.71398
72341341,2318.46640258216,766386,0,246462611.105,5872.47139084507,4979224,0,5079413747.78
42387698,9235.399628252788,1287363,0,4525046334.98,13308.513011152416,2036769,0,12411654809.1
1305528373,3194.0535217794254,1465725,0,1044884433.12,5847.521547729379,2335782,0,3651424682.7
883173469,3187.8213946117276,2060885,0,1325224365.01,6421.186529318542,4384122,0,6820999354.12
27019464,2227.221450617284,210617,0,55887070.4903,4024.0,1031106,0,1012174893.67
114781264,4945.050374404356,1287363,0,1563733323.92,12315.674608577263,2036773,0,8499800480.1
17685009,3447.515366884364,1513773,0,949395692.525,9654.852669996159,12806843,0,25444292941.0
489221664,3864.799597180262,697753,0,854676329.016,5040.148036253777,684994,0,1190081257.72
130640704,10726.404932735426,1919889,0,7830598134.95,15828.305829596413,3245276,0,19866091536.2
482866177,1786.700269368156,1223572,0,258833647.261,4118.077004157639,6049998,0,4472961112.27
388250401,3033.9625221575084,3104411,0,1280190088.11,6909.9792352494305,4979646,0,7515085613.92
372968292,6291.041899441341,1287771,1,4694885429.31,9331.22346368715,2036926,1,11845987670.6
2469000333,5623.386363636364,1287771,0,5364993021.48,8635.646103896104,2036926,0,13497018459.0
2231516528,8482.698630136987,1287771,0,6237156436.99,12252.130136986301,2036929,1,15004406379.1
328576792,2974.981211273236,1058072,0,555949707.713,6402.404657205677,4979692,0,5775728234.36
2399289469,8707.354700854701,1287771,0,7118486527.84,14477.555555555555,2036965,4,18163928119.6
2979642791,2682.0760057951634,1421712,0,510975293.411,5363.717374345258,2336161,0,3364760903.01
189825312,12746.447727272727,1542891,1,10351006778.4,30837.520454545454,8144105,0,160859516448.0
401568431,3402.069764254386,1804534,0,1196915965.34,6664.845257675439,3246103,0,5615169976.31
543443216,2823.621110176619,1287769,0,925436148.877,5616.379730866274,2036978,0,2585148771.68
355623405,2030.5879458794589,808613,0,194291378.199,4905.268000756931,3930006,0,3917193290.85
14077382,3237.249636310736,2066874,0,787476771.105,7600.461642905635,8144267,0,10224520559.7
391510019,7542.721221221222,1287758,0,2603367052.92,11480.842342342343,2037001,0,7134401672.79
3890941701,7367.821428571428,1287758,19,6542367664.96,11420.535714285714,2037001,0,16715638309.3
2649832264,1636.9352517985612,36412,3,12501488.78,3200.2302158273383,96045,0,162711869.889
20631374,4616.7657657657655,1287758,4,2331028561.9,10319.952702702703,2037004,0,8155498831.63
119333464,2980.466615502686,1287758,0,1041798147.5,4633.515349194167,2088352,0,4127237350.84
114505454,2339.9447746676756,2069036,0,507292373.599,5660.437749918945,5969229,0,6577216212.68
71296802,5967.702278481012,1287755,0,1981508494.03,9999.860759493671,3345269,0,10105723881.9
107722321,1620.886326787966,2069038,0,206135788.388,3133.8080976400647,4980185,0,2909029010.31
1052958798,4693.666177549523,1287744,0,1803069420.24,6747.003668378577,2036986,0,4003679558.05
140113193,13456.270408163266,1287744,4,10328532405.2,27060.5,2036987,3,38284602399.7
108654496,2046.43869749033,697730,0,166371162.519,4435.799586219304,2336626,0,2753431088.55
44548822,3605.1111797405806,3104332,0,1563985239.42,9629.91846819024,4980246,0,12069341649.6
23970391,6636.524528301887,1287728,0,4128194543.38,14974.00566037736,2036974,0,17549269435.0
22474050,3771.177304964539,1287728,0,1984564306.16,7612.894208037825,2036974,0,5391429933.91
30659626,6030.332590115198,1287728,0,1830397496.76,47862.583797844665,94231806,0,3.31079667008e+12
131862459,2940.0053903952958,868177,0,371444626.816,7340.94658608298,4980307,0,7956721451.73
1622761,7707.698795180723,290582,6,700547137.811,21637.573149741824,1054783,2,9089986589.57
483224449,3022.369465648855,418524,0,368855531.714,5257.650381679389,791906,1,1757054362.53
238298521,6714.5556537102475,1287723,1,2653689031.47,9278.485865724382,2036973,0,5835812006.89
754763748208967680,1957.8632478632478,62731,5,36747916.0155,2425.3076923076924,57390,0,49373529.9908
495043092,10120.877212389381,1871891,0,7277364176.15,16598.81028761062,3247026,0,20707569997.5
2820257386,5647.825742574258,1384336,1,3679861425.26,7969.980198019802,2036972,0,7738243291.33
522547847,6325.742788461538,1653115,0,5456614543.98,9695.865384615385,2998281,0,13593317556.3
203488374,2767.993,208790,0,99038223.997,4945.421,801486,0,932187757.088
61052508,6617.028873917228,1287723,0,2522238405.23,10682.947064485083,2036972,0,6392783880.66
18099795,2241.06351863874,2078996,0,540876972.413,9133.894044486964,94238792,0,314179426892.0
800604813448708096,4818.526785714285,505478,0,1258472191.57,5825.372023809524,625548,0,1797372768.05
20392734,2857.788050203288,1287692,0,907031302.967,8704.983029874491,12809382,0,33926859388.5
631874663,2375.4809511633853,1515962,0,435815622.884,5722.5104406375185,4980558,0,4623268655.4
781940105032376320,1924.4314036478986,1287686,0,301558921.476,2011.0799252294098,2036916,0,706255323.575
485146783,3233.9088179519595,1516306,0,1274771486.16,6489.764064475347,2336809,0,4376620764.3
262163061,2893.4523089497343,2087022,0,1159824773.69,6574.49865140989,12140324,0,17122264143.6
117207983,1877.1906614785992,71818,5,28831472.2399,5892.1439688715955,801609,0,2659286736.3
180013616,2638.085620647276,1516272,0,690943957.249,5912.917963949201,4980785,0,6031150175.05
14087783,4535.346373268134,1287674,4,1723672937.41,8522.848410757946,2036908,0,5547755286.46
740355601,3118.6990394877266,1287674,0,1779509418.88,7960.670224119531,2036908,0,4832220285.44
262752803,3447.177344782034,1287674,0,1017500335.31,5620.5300528401585,2036907,0,2782557603.6
2271025438,3161.7630275411134,1060575,0,769860060.321,7031.639587873985,3462549,0,7501364659.16
22504375,3934.915478615071,1287669,0,1178495397.02,9642.826374745417,2258806,0,9858563050.18
20052899,1773.8752417349665,1223787,0,220116596.568,4147.107238235565,5968750,0,3865071538.11
89163236,20070.14834578442,1856997,0,8914333322.79,27417.73212379936,2700426,0,18532665824.6
4105671904,5483.6466431095405,1287655,0,1392519890.43,6505.963486454652,2036880,0,3173304386.52
524341240,11650.796875,1287655,3,9370268318.62,16300.359375,2036880,0,22356496508.1
2716920064,1373.7037037037037,4576,21,1823327.83813,757.074074074074,4080,1,898661.846365
3679577896,7126.217391304348,757137,1,2330878707.91,8691.088846880908,793771,0,3447946526.09
326184301,1434.6010065317487,1060553,0,128997888.329,3166.104208159332,12154610,0,6195918214.87
393947529,4883.974326862868,1287645,0,1723320143.31,11892.245147150908,4983650,0,15036186468.5
97648525,3051.126015454726,1516220,0,758521048.326,6559.61759461066,2337271,0,4467439633.6
304374226,2586.5153374233128,1287644,0,799950728.479,3890.7109346806205,2036893,0,2619863183.1
222477026,3259.9815158608444,3104132,0,1613692786.31,6979.435789813544,8145221,0,12173333167.1
1117307833,4679.646739130435,473884,15,1238538847.46,6960.885869565217,625822,0,2565701362.18
562913471,2708.1739130434785,60271,3,51724867.9698,5649.510869565217,196235,0,421290345.891
110214790,2530.496519721578,67244,1,41309354.069,19478.925754060325,4485905,0,51557984776.0
2375470213,4497.691099476439,1287632,0,2327678730.79,6466.0497382198955,2036887,0,5730378667.72
102958885,3298.544129777289,864267,0,613290915.839,8241.825680505912,4984524,0,10047692561.2
249709671,2710.1006531204644,2106520,0,636414417.38,6769.990856313498,6328048,0,9023065062.32
857146326236241920,5821.493827160494,142410,156,340712760.349,6356.135802469136,177749,6,638229130.957
2855674449,3002.9636835278857,2106544,0,1336790702.33,5286.770428015564,4389650,0,5587925999.76
117110732,1083.2424242424242,5189,8,1658477.78972,1840.969696969697,49240,2,54397567.9991
2895005596,1772.5961538461538,36482,11,24712223.7408,1530.6346153846155,39487,3,28984579.2319
2673148399,3164.4210526315787,134344,8,129554932.481,4360.710526315789,241221,1,425538325.969
415449314,3261.307718735685,2106545,0,976377527.769,7957.175332111773,4985790,0,9525607902.42
706893494862876672,13722.27027027027,1001114,0,9393496969.14,17347.477477477478,1523467,0,17893456144.5
144561613,12812.5078125,1347803,0,9543242651.39,19361.376953125,2036881,0,22369484279.1
2905773927,4797.154734411086,1287620,0,3826687267.81,6985.452655889146,2036881,0,9618707345.94
4210164801,1526.0093457943926,16634,17,3935204.57001,2670.5607476635514,74651,0,73800400.6949
631818144,3068.8616279069765,1287620,3,1936954692.98,4312.259302325581,2036881,0,4933496340.52
860471443,3311.456040839478,1287620,0,875586183.088,6159.45377197958,2036881,0,3407224246.69
134738764,3165.0638641875507,438122,1,445025274.504,13542.02101859337,4986009,0,25729210999.6
19977759,1472.4068191784827,3104067,0,215103180.015,2546.6689445987427,12182127,0,3631040954.69
2788637049,2264.4117647058824,52677,14,28547719.1899,2779.3954248366013,76930,2,72427862.9646
105504412,22950.6404494382,1287589,33,19913450613.9,37747.77528089887,2036679,4,48822836346.6
22009086,7388.636125654451,1287589,1,5101777946.02,10743.471204188481,2036679,0,12044385807.1
5715682,1640.6675880554508,1517774,0,362047218.315,3907.101645935419,4987698,0,3204186513.76
454933267,4475.138259677525,2122405,0,1269699425.32,8240.630263072002,4390853,0,5726017850.47
829362748417048576,3123.0925925925926,37871,95,48655827.3062,3829.962962962963,64879,11,139374992.443
381433782,3657.452278177458,2122418,0,1915299068.21,6764.393045563549,4390911,0,7494925933.6
2528020694,14122.894819193323,1806075,0,6018837111.29,22443.20323365786,3464126,0,18507420111.2
20304026,24445.851140456183,1806075,1,16343186195.0,32267.920168067227,3250837,0,33666688152.3
333955457,4607.3273824490825,3104014,0,4035820255.27,6949.344732210208,4696925,0,10584970771.8
1328897358,2509.0711108115397,2122368,0,692062882.763,4425.679428417363,4390974,0,3396931729.61
14590758,4723.962028824833,1287490,0,1385064184.17,13136.08453436807,12812847,0,54387758142.2
1344130148,3324.504290429043,1287489,0,918605678.727,5824.684048404841,2036664,0,3402675212.82
220480870,8157.6,1287489,1,4376150779.55,10777.701694915255,2036664,0,8746805669.79
21746513,2502.1076117103235,1062803,0,441362414.607,6909.860400616333,12210728,0,14323576100.6
50484443,5022.056768558952,1287487,0,2719682623.4,9604.551673944687,2036669,0,10516525087.2
2416910936,8224.075716234653,1287487,0,3166285742.51,10524.30900409277,2036669,0,5624147638.71
562877553,1097.0248756218905,16132,20,3259846.12376,866.4278606965174,16267,0,3883090.07564
222419520,2926.109096692112,865036,0,376846887.142,7436.028944020356,4988368,0,7655704376.52
125196275,4839.684297520661,1057063,1,2200767546.64,8279.514049586776,2055986,0,8262545016.65
20715695,5908.527777777777,1287503,0,4513673478.41,9354.469696969696,2036664,0,12210458578.4
86324214,15786.43306451613,1652976,0,7031421485.55,23589.187096774192,2997700,1,19109447269.6
2574368255,1619.8,3097,188,910465.36,514.8,1252,33,303427.76
2866227028,1581.958762886598,16136,4,7321259.73026,6430.484536082474,279707,2,908442899.322
1442028488,2450.0883816213054,766338,0,271342824.597,6689.589698565994,4988397,0,9433124791.71
2805420213,4430.577173913043,1287503,0,2123147615.99,6313.282608695652,2036665,0,5020566002.45
21666641,9040.756316993547,3103942,0,2613054839.48,13660.324088116598,4988572,0,7599873426.24
37509783,3778.3749010292954,1287492,0,931246905.046,6136.028107680127,2036662,0,3424620629.44
1040075106,3987.5050675675675,1287492,0,2466861153.97,6003.416385135135,2036662,0,4896223153.15
282750419,8147.590128755365,1287492,0,4131738392.98,11142.954935622318,2036662,0,9659332860.73
515520108,2513.0774836045666,808505,0,305861994.587,7366.614768034977,4988569,0,9682980243.84
22636185,5934.947511312217,1517836,0,3975803669.48,9134.266968325792,2036662,0,6714672256.92
14692686,787.4324324324324,4107,3,833308.569759,1525.027027027027,35134,0,32042985.3236
32489102,8020.435549525102,1287492,3,3281359592.88,20803.355495251017,2036661,0,19400586567.7
3006176548,4069.203020134228,1287492,14,2776281179.46,6193.313758389262,2036661,0,7164807984.52
2789756486,2953.380070546737,2130137,0,1130550110.96,6180.716931216931,4391703,0,6212909709.41
151962390,4415.071721311476,1287492,1,3421206863.96,6707.772540983607,2036659,0,8639262327.58
1394164963,6751.420927467301,432364,0,959526841.005,9495.743162901308,557617,0,1502290309.83
227330399,11309.148453608248,1287492,0,5568298302.32,15662.41649484536,2036658,0,12280657939.8
124312153,2892.181518151815,2130452,0,1137095875.62,6437.935814271083,4988632,0,8677665501.42
380897876,7496.9476861167,1313533,0,4240807142.74,10879.718980549966,2057190,0,9438635425.61
2341079723,1404.9876543209878,14347,4,4937532.72824,5385.592592592592,279694,1,1001191408.96
62613162,2220.552457918898,3103902,0,769318832.726,5283.882985845447,4988682,0,4806731388.66
49501302,4303.088357027173,1287498,0,1096430884.86,9568.052726291164,11264285,0,30221008487.8
38886883,2810.9446073639624,808504,0,467296263.958,8751.331052460084,4988734,0,12053409264.1
222058929,4235.598011363636,1287504,2,1402309553.93,6224.574573863636,2036633,0,3351086268.23
1048278487,3705.6170594837263,2137522,0,2143727650.37,7074.846913580247,4391999,0,8791117502.25
14691032,3441.464091134225,2137505,0,1417912513.5,6234.48489351164,4392013,0,5005958807.3
14467310,4603.184952978057,1287495,0,1866893471.3,66927.96927899687,94312837,0,5.5786294004e+12
1704239983,5417.1499312242095,1287495,0,1635446492.86,8138.592847317745,2036640,0,4503285554.51
573544918,4737.690322580645,1287495,2,3193249835.66,8651.491935483871,2036640,0,8906995873.33
125270251,2310.03866659765,1224078,0,445519625.439,5833.532688027331,6003959,0,6449472215.31
780341085809864704,2436.6726649528705,145579,0,61396194.2202,3067.004284490146,279689,0,177997171.11
1407768792,2190.504160887656,1287504,0,587159732.866,3882.031668978271,2036634,0,1882292219.7
55059675,2923.9457175925927,1517806,0,723760341.826,6532.148842592593,4988871,0,6788371069.76
863466112184459264,5596.358490566037,211536,33,820930906.721,5414.301886792453,226736,9,950169277.267
316032353,5442.37741046832,1287512,4,2861167852.73,8718.661157024793,2036617,0,7269110709.01
295807687,2663.4785332785536,1063659,0,439399134.961,6654.378594905505,4988908,0,7410219803.76
61733092,2118.264275416139,1224077,0,361219287.356,4711.993577701079,4988940,0,3942720528.99
74966852,4578.8755290017425,1287497,0,1335471029.82,5962.118496390341,2089569,0,3218620634.64
1296896923,6240.452328159645,1287497,0,4093386210.11,9918.563192904656,2036625,0,11577524841.4
4729590755,4189.706666666667,117643,24,127268423.127,4627.2733333333335,106702,1,154777463.945
2967541768,8871.891050583657,1287497,6,3884248432.45,13735.45719844358,2036625,1,10318657956.4
2986235404,2105.9773371104816,299332,0,110798526.99,4127.619688385269,701175,0,667768077.816
1010045504,3412.351735913489,1287497,0,1190138831.6,7565.792259533296,2036627,0,5331123482.72
18955506,6850.870588235294,1224077,0,3704532747.54,11647.505882352942,1114792,0,4955670988.01
463717784,3785.164904862579,2150925,0,3354680941.35,7827.443269908386,4392257,0,14419852497.6
116864791,3285.8415172413793,2150920,0,1310936642.99,6471.642482758621,4392262,0,6760202479.7
214902404,3559.589978448276,1287497,1,1188948433.17,8245.815732758621,3918937,0,12103424783.4
222271232,3383.955172413793,395800,0,445380111.611,8581.681609195402,1723531,0,6285064396.15
70767463,1166.2727272727273,2831,30,789630.380165,2407.3636363636365,14991,7,19060079.5041
609096352,2762.123869094158,2150928,0,941897688.516,7085.709147771697,4989162,0,9705717878.49
2770328981,2461.3473684210526,191235,6,93448200.7846,3186.980701754386,219198,0,209480050.619
30234371,4634.413507109005,1287499,0,2229695103.72,7706.4063981042655,2036629,1,5650173094.05
2147777113,55843.284841075794,1783322,0,35985169916.8,75899.61980440098,3253078,1,78321629017.8
267436865,4452.413287086446,1469432,0,1929329098.67,12855.36099252935,2719353,0,11767138220.8
81857654,2479.942014242116,1224077,0,433190764.449,6404.359896009947,4989208,0,6125028708.64
21112612,4431.337365591397,1287495,0,1473776441.45,35742.54516129032,94325449,0,2.40032366526e+12
84166748,2831.412408759124,163611,1,111669343.87,26338.401459854016,2789462,0,45117782691.0
2472200292,2745.7612660135646,1287495,0,653834239.717,5582.083345892992,2338038,0,4007885654.67
173089105,3130.912856374395,1130576,0,578146831.786,6235.2758203335125,4989331,0,5819914880.37
149480292,5055.765784114053,808489,4,1431200131.36,7339.3625254582485,997910,0,2592578889.39
37891233,4626.022550544323,1287494,0,2457246487.4,8551.006998444791,2036622,0,6084731099.86
2977064745,10976.970588235294,1287494,2,9773058053.37,17785.40588235294,2036622,0,24786116166.8
2291166992,4861.500910746812,697625,0,1400483468.1,8215.542805100182,730807,2,2531953212.54
831250927,3153.2327109266944,1224077,0,609975968.491,8104.6101313969575,4989419,0,9466731535.3
3817818435,6022.630234933606,626015,0,841119035.412,7345.702757916241,1055756,2,1849042965.73
3318714389,3246.808743169399,868922,0,686830880.042,6478.465573770492,2338115,0,4338392682.74
136009310,3358.138613861386,191338,2,142405923.119,5431.306930693069,279609,0,483140266.287
2347509589,1088.4,15896,1,4591062.14,856.2666666666667,18662,0,7195071.19556
424620895,5554.461591695502,1287494,2,1995615593.87,8536.96678200692,2036619,0,4596086558.36
1026135084,4924.783667621777,1287494,12,2874245275.54,8636.383954154728,2036619,0,7858867559.76
20473134,3156.563610916725,1380249,0,1095110989.61,5731.734499650105,2338146,0,3729152915.0
1208909684,3744.502835538752,1287467,0,1585004150.26,6176.668241965974,2036599,0,4113668779.11
332892031,2103.9601803155524,697957,0,392776445.434,2237.237415477085,279601,0,155572058.887
19619404,2634.5265024503483,3103804,0,1257821327.58,6003.835826670106,4989543,0,7758710272.57
2575651762,3657.5736354273945,1063621,0,975891974.762,7652.445932028836,2338210,0,5427860245.16
860274375727222784,1154.2923076923078,18226,0,5841141.09917,1144.8615384615384,23464,6,13975537.4731
861266509099933696,2424.975,32462,20,26491267.2244,2279.05,29534,4,34380784.2475
825382384702988288,1629.523178807947,62771,1,14373348.4305,1481.962472406181,82567,1,34663051.3562
292798516,2051.955035971223,147901,1,47175402.7228,2353.0377697841727,174128,1,92260814.1155
132570708,3781.303687635575,1287466,1,1389756511.07,6002.751265365148,2036601,0,3481212309.17
20187833,2961.358974358974,1287466,0,1028080979.88,6646.00209314495,2893045,0,7792222891.53
1418358025,2967.3540593355838,1287737,0,620512342.739,5839.781844022029,2338223,0,3750884436.79
33495129,6448.393939393939,1224051,0,5111750292.55,8090.784511784512,1114495,0,4677774324.47
214066898,20367.144939965696,1287734,0,8195360257.46,26192.360205831905,2036613,0,12649978714.8
814984682,6261.785746504285,1287893,1,2271584645.38,11377.384754172304,2328456,0,8320017541.92
856796146790006784,6336.815845824412,1064606,2,3346334304.12,15125.528907922911,1346775,0,11218007840.9
20034914,6208.803312629399,1542699,4,4379984186.26,13852.28088336784,8144930,0,51317378337.8
580937850,9080.74508320726,1287892,0,3554975265.27,13392.152042360061,2060820,0,10943625667.6
61722518,2538.848253275109,275031,1,133608644.048,7006.992358078603,700990,0,2168400957.98
529718078,7815.1089494163425,1287892,9,6463442241.12,12237.284046692606,2036641,1,16218094587.1
873819098,2462.298939488459,1064605,0,441418484.922,5946.39688084841,4989704,0,6283377420.89
3657000197,3545.8649045521292,1287890,0,2457699720.94,4855.892804698972,2036657,0,6161759556.29
242943134,1983.816721090551,2165878,0,522373564.417,4321.950448349142,4989733,0,4163090424.4
411442859,8411.07535321821,1287881,0,3264161369.71,12454.010989010989,2036672,0,7668204658.44
1337725045,2809.6963556136625,1287881,0,757963424.133,5660.705017159667,2338232,0,4150494600.88
211626602,3423.612281757977,1287881,0,1297516290.13,6030.242022877785,2044210,0,5281790134.14
920708653,1677.7666666666667,113013,0,17939502.8469,3129.614666666667,731029,0,507331427.396
1377364789,4783.943262411348,1287881,1,2989508338.63,7537.698581560284,2036676,0,7656738191.4
89307992,3369.740819358947,1065548,0,1034147278.26,10245.378900445765,11277090,0,35471470073.4
460338359,4022.677995898037,2168792,0,1715551709.0,9422.347201875184,4989850,0,13455906875.0
322239859,14590.93649373882,967173,1,4568631120.27,20984.10196779964,1755114,0,12057942366.5
499781930,2053.5548354935195,1518296,0,304673856.659,4473.467818765925,4989894,0,3375261144.91
19063664,10616.325140712946,1745940,0,3009104451.04,27585.221200750468,94343172,0,852987537233.0
20995745,5505.575230296827,1287865,1,2357517815.62,8336.470829068578,2036674,0,5495868901.48
20856796,2317.668477153914,2168876,0,676678476.985,5645.717428202865,4989937,0,6472962197.33
415177091,1803.6451612903227,20262,4,5872361.09344,3874.2193548387095,279577,0,513142778.507
64685665,4657.125632377741,1287876,0,1769690007.93,8741.806913996626,2036680,0,5341618019.49
208541506,3024.3435582822085,223570,7,230329020.784,4864.671779141105,279576,0,540107230.638
80943076,2529.5974074629103,3103746,0,1038390868.6,5828.716694140567,4990001,0,6776923654.4
23663242,6045.3046875,1287876,1,4602419818.14,14936.3984375,2089936,0,22568547176.6
130154450,3114.076270104672,2168889,0,1041892085.66,7574.653689047741,4990044,0,9347599955.18
3129946881,1174.6190476190477,5190,8,1607492.14059,2942.3809523809523,36063,1,60734972.3311
7204192,9425.077667057445,2168893,0,5347259828.74,22862.14917936694,11279915,0,80016171672.9
54351001,2329.2222689664845,1004424,0,270407018.555,4783.474302341888,4990146,0,3662652910.03
97754308,6526.057007125891,1287864,4,4366179580.51,10201.125890736343,2036673,0,10604602481.7
49682880,2490.4873132688926,1518271,0,428607528.653,4477.463422671353,4990251,0,3258830761.34
91319005,8688.579787234043,515242,2,2970540272.59,12433.81914893617,558245,0,3903112933.68
507419722,4909.5492227979275,299320,9,752785957.667,7319.79792746114,299845,0,1228601245.45
114873829,2116.801652892562,150064,0,63310804.3036,4055.7995867768595,330384,0,464411809.565
82408864,9392.380733944954,1288618,4,7610985717.54,13364.522935779816,2036724,0,18987776865.9
3144626321,3415.0696161353285,2168914,0,2196073625.35,7620.365213619605,4393436,0,9100849620.98
858740924352000000,2070.78125,13003,3,7125456.95215,1674.453125,15068,3,8521996.09155
264096440,12496.567346938775,1288619,5,7619754194.52,20022.502040816325,2036743,6,20177437851.7
2983891405,3269.6330003699595,1288619,0,1105830324.26,4290.1287458379575,2036750,0,2203951622.21
29169821,2607.100344778049,1065544,0,387762041.353,4935.733515299526,2338579,0,2729035936.47
240808845,6221.569352708058,1288615,0,3187548860.69,9218.040951122854,2036787,0,7303077837.61
227023883,1924.4110998380236,2168923,0,309789054.299,3236.7447179651485,4990643,0,2507346590.4
255423074,7987.121338912134,1288591,1,6937154033.28,13377.071129707114,2036822,1,17661427185.1
370033792,4939.799183117767,1288591,0,1671007622.37,6322.395166780123,2036825,0,3170574654.91
20202181,15021.972222222223,1288591,6,15222556756.3,25168.055555555555,2036825,0,38692044342.6
54515428,2954.1907958660895,3103479,0,1374458485.64,7113.519830403675,4991547,0,9130075309.96
261782937,2509.2337402441467,2198651,0,576724913.999,5924.74244546728,4991823,0,5795482726.61
3902417603,8816.275,499537,0,2223343915.85,11729.566666666668,772322,2,5180885487.71
59064380,4738.027497708525,1288484,0,2379519590.57,6611.394133822181,2036787,0,4982126866.77
119710140,21957.68711656442,2202301,4,13617949374.1,49887.676380368095,6010034,0,135116630236.0
248908429,4383.313898305085,1288484,1,1763588373.35,8072.670508474576,2036787,0,5346237391.23
14728535,16149.607571896615,1708181,0,8876687177.87,25535.054240990172,8145522,0,43161340645.1
261886643,2418.2182221793264,2203975,0,718777060.885,5254.139079239456,4395458,0,4988613244.91
856224084425924608,2989.491452991453,377006,9,614647346.549,6075.008547008547,726538,0,2454536405.85
1074546476,1422.9850746268658,12041,36,2471213.08933,3028.5522388059703,99126,0,76564878.3468
1072198009,1234.5,2017,741,232722.75,92.75,199,18,5355.6875
794610090,9181.869387755101,1289046,1,7077074491.85,15921.726530612244,2036806,0,20935351971.3
19589280,2313.7387576552933,1542601,0,660018797.99,6205.25135608049,8145386,0,11318255121.5
505727611,5369.191318327974,1289123,2,1858315299.94,7108.868167202572,2036836,0,3422585828.9
95429914,1438.7692307692307,7537,61,2378184.86982,1905.1923076923076,29610,2,21235276.2322
857801388021174272,1547.92,7006,49,1915346.3136,1269.68,10863,10,4570761.5376
3127732945,12701.484126984127,1415881,4,10719134484.5,16722.46984126984,2036815,0,19442353731.8
2613019555,2603.234375,58457,1,54242293.4919,9344.421875,290551,0,1453570419.15
1945812050,25628.96644295302,1713951,5,26566116859.5,39359.76510067114,3258640,0,79296476416.3
15710574,4353.134716320919,1289121,0,1483938022.77,9643.69807548113,12817353,0,44773326574.2
706747004,1845.5043407487792,1522664,0,292229784.654,3448.6223096400795,5967568,0,3369608266.6
536479831,3093.3825789923144,1289102,0,1224626707.82,4814.689154568745,2036854,0,3468838267.23
259707048,6603.245412844037,1289102,0,2968159632.69,9628.08256880734,2036854,0,6561783292.74
91662775,1144.909090909091,11952,9,4883012.80992,921.8909090909091,10873,4,4397437.47901
134618982,3912.695067264574,1289102,3,2509079131.17,6201.47683109118,2036854,0,6418353618.48
559008195,7189.4228456913825,1289102,4,4161387529.61,9857.492985971943,2036854,1,9326880131.16
23452598,2830.0065072639227,2211322,0,769213726.594,7502.963377723971,4992126,0,9030513707.93
233850791,6791.136363636364,433337,3,1392452239.36,13248.854545454546,997434,5,5991861812.07
58821256,3014.8832072877276,1132170,0,514122537.02,6195.884797181162,4992164,0,5527403822.58
903985238,2331.3051789422257,1068381,0,421721827.158,7898.345364602418,33670903,0,73451745069.0
857620019869560832,1730.7116564417179,10938,25,3506993.72667,2069.521472392638,30184,0,16530676.0409
303446589,3107.9299363057326,430331,2,400592651.776,4079.2526539278133,665880,0,1012736186.13
14933304,1974.3226217630483,3103408,0,535440698.818,5248.686535623239,12817732,0,10654746168.5
102107018,2368.1502960499633,1132169,0,343906783.696,6303.7843296293295,4992347,0,5352046734.07
3294952835,2174.194092827004,60133,57,38472485.4644,2234.337552742616,76972,0,90652268.0548
103620582,4739.8687756297595,1289087,0,1822710430.49,6504.063854715876,2036897,0,4225031357.77
14561015,3250.9119807206794,3103402,0,1794549665.89,8552.09938030755,6448750,0,14937113605.1
3083692505,4050.752941176471,102212,23,109988836.974,6678.611764705883,279513,0,675254259.814
857915184727371776,1731.910447761194,10937,17,4276087.03676,1400.641791044776,12857,1,7826111.30452
85788653,4210.001753002016,1542551,0,850996576.485,6514.790691559296,8145920,0,8558748569.1
4873397897,2003.851851851852,20363,0,11142559.0151,5713.543209876543,267229,3,909958734.594
813691526,5728.80014803849,1289072,0,2604606301.32,16321.168763878608,3470024,0,21342519186.5
205319795,2015.9465648854962,16690,9,6457164.34066,5308.824427480916,279518,0,649757678.649
153817010,2572.0494052339413,3103385,0,1126604442.21,6362.046391752578,12320119,0,17831977680.1
55253731,2533.3574160645985,3103384,0,1154722634.65,5662.161313824297,4992662,0,5927824804.08
68823404,5792.153409090909,785239,0,2143904639.68,9141.181818181818,780403,1,2708709031.61
25171525,6485.491862567812,1289043,1,3233510664.67,13923.641048824593,6012026,0,24096354733.5
3423754060,11546.293295087846,1867794,0,4302015893.62,16529.680351380423,2701919,0,9528126481.09
55569926,5057.662291169451,1289043,1,2075148702.06,8500.528042959428,2036950,1,4546401826.19
108587399,1966.130426318863,1223976,0,282332346.545,4749.894685614172,4993154,0,4026913306.44
150574892,5146.978883153449,1289042,0,1858682219.75,8227.142656030033,2037034,0,4165729605.48
15453062,4058.6154550448637,2214577,0,1993185189.71,10268.15949459806,4993230,0,14400671782.5
40680776,3433.6923076923076,1289042,0,1171400144.69,5020.8531844499585,2037034,0,2398077723.92
608008015,4363.241415854175,1289042,0,1555191733.04,6311.062526494277,2037034,0,3166078736.05
21750720,4902.305609284333,1289042,0,2198291704.17,7536.454545454545,2037034,0,4947021388.86
2799590457,2697.777570093458,1006467,0,887047031.259,5348.538940809969,2340462,0,4505999797.58
236588290,3044.414498933902,1289039,0,803703257.344,5570.600426439232,2037094,0,2661099262.78
858791064299343872,26005.321428571428,1289039,2,20185248137.5,35568.75892857143,2037094,3,42959740046.8
1163395104,2650.5852286622644,844448,0,478607893.855,8109.3162142333085,4993450,0,11060302918.0
148276510,9505.3418230563,1423930,0,5664614080.26,14374.861930294906,2037093,1,14983058339.8
2887109993,8121.651898734177,1289039,1,5549923323.33,15942.550632911392,2037093,0,16963989107.3
92759618,3592.5330403920907,3103366,0,2270333574.61,7949.173736690891,4696622,0,9411461330.47
732520594995056640,4533.415936952714,1006464,6,1230424920.49,4849.960595446585,1010019,2,1320111678.48
857633066818428928,1607.1203007518798,12621,10,2978519.71485,1960.1503759398497,65903,2,42027641.6766
21106082,3755.9414101290963,2223302,0,1878018368.83,6933.637338629593,4397588,0,6575290103.84
108437760,28040.31274131274,2225047,4,13836907019.2,39972.5,4397641,0,31184705655.7
77981490,2207.493643001007,1724750,0,439196061.312,5261.29695367573,4993554,0,5668828956.36
3387244553,3727.413112667091,1472859,0,1779025674.58,6060.372374283896,2340580,0,5215140393.41
128989290,14561.070714285714,1291142,0,3310537223.3,18399.350928571428,2037133,0,6226868615.36
858487135825002496,1870.918181818182,36680,30,13085406.366,3373.809090909091,117480,0,176893129.973
2977816791,1439.3841463414635,16690,34,3691593.69999,2574.5731707317073,90448,4,85896071.5007
87647640,2807.4154604250075,1289028,0,901241382.347,5101.531567600862,2037133,0,3421614338.62
51252342,3883.5199252801995,808320,4,997314331.032,8677.513698630137,1472529,0,4277375240.57
80008925,12329.826086956522,1289028,0,5888981970.89,15656.69397993311,2037132,0,8863086669.36
860267945074839552,2507.15,19424,19,21649688.3275,11972.4,160412,0,1356425558.84
2999868527,2480.0934796642996,845925,0,313185755.781,5360.639122014202,2340701,0,3253084951.76
605813631,2708.6927772126146,1289024,1,1690752306.97,4979.799593082401,2037136,0,4481309574.93
130092487,3169.4596720689983,3103327,0,1621277529.67,7144.0641645341675,4993697,0,8872508885.52
393436815,2951.1974540860947,868522,0,447665200.004,7223.396851617918,4993689,0,6330066343.35
773654888,4063.2516682554815,697868,1,731078533.494,9450.850333651097,1780269,0,6406254066.84
88922768,3151.1435793731043,1289016,0,1126342515.73,4962.086956521739,2037134,0,3160400014.36
20356313,3204.9989484015705,3103321,0,1364153562.88,7615.626332024677,4993650,0,8490958386.48
17166900,5608.658209669698,1289089,1,2483623899.96,10990.828626136908,2330560,0,12435209233.5
167867714,3055.792139614075,1289087,0,634723223.357,6501.658059023836,2340849,0,4843423831.15
41901500,2565.630977443609,808313,0,348151849.605,6587.441303258145,4993751,0,6721857174.59
102023574,3163.280541654401,1289081,0,1124265142.24,7296.8872534589345,2340876,0,6283036678.54
855736730078650368,4822.633333333333,408583,6,1073687608.37,6319.863636363636,538944,3,1653531084.97
3031080322,5211.6388526727505,1289081,8,3712765844.8,9325.814863102998,2037129,0,8032687728.39
81719888,6310.130534790109,1289081,1,2917923787.19,10503.56354226567,2037129,0,6999138206.84
104647856,5738.320147194112,1289081,1,2698755059.59,10093.257589696412,2037129,0,7837595324.29
413349308,2022.210455764075,356853,2,189241251.37,2480.592493297587,355847,0,315841313.654
1470747960,5453.973983739837,1289081,0,3061837444.87,7907.427642276422,2037129,0,7459747121.69
4773112227,9996.6,339747,4,2466300942.07,12864.716666666667,532810,0,5098607648.9
858991494375641088,1509.9657534246576,22454,25,4460573.59472,1431.0890410958905,23040,5,10011189.0263
3143931867,1111.8947368421052,11039,17,3601667.56787,947.4342105263158,21571,2,7556967.87725
24909051,15364.247251114413,1288846,0,4756725172.23,21324.667756315008,2036992,0,8917933188.59
330888766,1120.7675,18155,6,2706957.65344,1111.0,70594,0,17293006.745
28113581,1832.7799227799228,31241,1,10874227.245,2642.6023166023165,237350,0,232647055.074
3034405491,5592.2760736196315,184659,7,322141375.525,7594.67791411043,279455,0,710311270.752
496906695,1424.7275280898875,50796,3,7691733.58587,5822.033707865168,1515461,0,3467807070.45
22285702,36824.51842576029,2250922,0,11855603334.2,49045.31771019678,4399518,0,23217809327.5
19973305,1870.6629907247627,3103109,0,525649930.09,3452.430085202761,4996834,0,2888444846.15
860838374701240320,4996.9708994709,1288842,6,4379307460.62,10462.751322751323,2036951,0,11414835683.7
1342705754,7729.971739130435,1288842,3,4348658870.04,12360.38695652174,2036951,0,13189400017.4
2660755152,2442.971537909591,2255552,1,822323795.854,5896.530853862712,4996835,0,7822212371.57
392155662,5780.978134110787,366947,2,818770984.255,8598.088921282799,464290,0,1620343174.45
603684942,5111.28170894526,1288842,1,2731410871.57,7070.060080106809,2036955,0,6279425181.85
