twitter_user_id,friend_degree_avg,friend_degree_max,friend_degree_min,friend_degree_var,follower_degree_avg,follower_degree_max,follower_degree_min,follower_degree_var
18979772,1437.321918,63162,5,27938033.68,3616.643836,345194,0,811888841.1
2935084827,4331.79845,602308,9,677867200.3,5240.445736,660077,0,907169468.3
722347303,2031.965854,809918,1,200967912.3,5160.927186,4733922,0,4730720398
2347509589,1067.666667,15580,1,4433099.756,847.0666667,18478,0,7056374.396
7.5282E+17,1625.863139,53582,17,12959419.07,3421.308394,284261,0,400551551.8
77320497,3218.307102,1281020,1,1086393328,6179.069098,2036686,0,3638493377
138167286,16733.95969,1912104,3,8363455934,24501.58513,2685003,0,19601950298
105880024,2007.839827,1281020,2,237465511.6,5488.498363,4927869,0,5455278664
3068561164,1452.852941,12929,39,5566441.42,9929.676471,277150,9,2202682432
539849453,3433.46174,1442760,2,1620100263,6532.732177,5627966,0,11753741951
81367969,3305.463889,3109505,1,2022232035,8575.24856,4928116,0,11497558885
52522161,2150.929134,68610,2,41635939.26,3202.503937,95216,3,140201390.7
108935576,3077.152975,3109504,1,1618134460,7504.63379,4928216,0,10502374356
254533424,10746.62953,1281004,4,3868672909,16045.43413,2036648,0,10643947590
870198840,11262.39601,1655226,4,8318661429,18473.24958,3002170,1,24971032778
125151345,3071.675676,51156,7,69140522.87,15223.62162,277162,3,2533280108
813678139,3773.187175,1588803,2,1338207781,7601.451194,4340329,0,8613317505
1134752502,2151.754516,809905,2,549907231.3,4709.775041,1457512,0,2756548906
4099573113,5701.644977,1603070,2,4013779567,8099.791096,3252501,0,11470030489
1318942975,2318.510526,42457,15,27302361.45,4376.631579,277173,3,476091638.9
305659027,4957.194474,1281004,1,2480460763,9005.987248,2036644,0,8034775407
2278921206,3072.124049,865414,3,514974277.3,7116.341197,2321571,0,4688002538
2827093541,5876.659509,1281004,3,5012015764,10378.15031,2036644,0,12894192663
2175891740,2010.272727,13798,16,7872546.153,9014.318182,277179,4,1723181383
723913596,9866.546945,1281003,6,4708276974,14651.90909,2036645,0,10358713837
28533091,5195.35798,809905,1,1370006878,12325.04173,2776630,0,15313599590
2927448879,10368.54194,299977,18,1288091747,14499.25161,300181,0,2054677086
15739855,10198.10867,1917070,2,6384208773,16934.28097,2685205,0,14403027922
2879189757,3496.5,357295,9,720109364.7,5816.596591,356315,0,1158516124
111013369,2481.432367,3109502,1,1190601634,6521.700976,5323370,0,9101955146
14291862,10607.26536,1655894,1,3757668058,14357.33811,3002154,0,7415824828
580106431,2671.051005,209004,5,105839815,4422.897991,299388,0,481395466.8
580106431,2671.199382,208993,5,105845502.4,4422.921175,299388,0,481414931.9
162472533,1998.73879,1104315,1,200618955.7,4274.369697,4929371,0,3524448910
303232642,4018.670842,1280986,3,1365088672,6282.772044,2036616,0,3704933127
422184091,2221.143231,1606230,1,452765553.5,5866.048134,4929588,0,6513167945
229846131,7355.309211,1280987,1,5495251527,12938.90789,2036618,0,14414844235
222748037,1458.336136,1607850,1,207577948.1,2311.734143,5969700,0,1826011972
23431198,3398.058277,1280979,1,1337421046,7478.364538,2079825,0,6874339537
496278040,2007.943441,1221858,1,377644416.9,5229.692122,4930557,0,4722294907
2862527512,3696.771676,1607884,1,1384620365,7174.956776,4340890,0,8250727868
200538258,6875.236415,1280972,1,3583133778,11247.52858,2036599,0,8523783202
200538258,6862.132301,1280979,1,3573071058,11223.61928,2036602,0,8500628099
111411358,1899.643178,982744,1,182448147.2,4406.97514,4932151,0,3684659958
1011936380,3189.537917,476927,1,420581726.4,4212.065723,485590,0,690815970.1
240202308,1590.292314,1221835,1,163721604.7,3261.64094,11414153,0,4277588194
776206303,4254.926966,698700,7,1265807124,3645.179775,325838,0,460604476.7
2300014440,6766.407643,195377,10,422488918,9108.617834,277366,1,977179350.8
193313425,2310.535988,845206,0,206866840.3,4750.275316,4932859,0,3344239297
16454546,7235.90767,1280938,1,4238273339,196240.0156,92710628,0,1.27E+13
533301352,9725.437558,1449545,4,2505904057,13752.78538,1682627,0,4533362739
1067829343,2559.457387,422853,1,181962174.1,8340.55205,4933449,0,12084912425
1151672852,2628.983939,1280918,1,670337037.1,4993.538968,2036567,0,2528484688
12695662,6287.474056,1626291,1,2201989526,10653.19261,4341898,0,12578852725
14758838,3471.426583,3109269,1,1720916273,9137.382358,4933583,0,10719221248
8.58741E+17,2007.153846,13005,3,6945528.038,1631.153846,15075,2,8380136.776
429751008,2686.301291,1629155,1,683937809.6,7000.527626,4933676,0,8811084894
114582072,9866.950119,1280914,1,4493885826,15535.11164,2036556,0,9410577122
1123375357,13264.42593,3109257,11,26112268669,20351.75231,4702337,0,60823675504
2859889698,8085.798867,1280914,7,3733389449,10960.86969,2036556,0,8061197436
474180693,3051.074949,865320,1,513176178.4,6923.233626,2322523,0,5007262074
19344585,2703.813224,1447839,1,734689797.1,5971.802401,2080306,0,4006062119
50269633,9084.048537,1882455,1,5963156411,13081.3833,2690358,0,12164388133
2276286841,4143.42268,1284340,6,3394259476,6284.070103,2037100,0,8698094432
220170557,1662.320388,14347,12,4108106.13,4069.23301,278322,4,589498628
22499765,1865.658886,3108536,1,551199007,3653.809247,4950031,0,3196050794
2819139989,3794.355664,1449950,1,1932005494,6697.86752,2325680,0,6396027364
34750002,5700.475345,1284323,1,3542751897,9297.861933,2037111,1,8698305070
3016122241,8430.421622,1284323,6,5043569572,10908.94775,2037111,0,9939358712
133844829,2175.899804,698226,4,481181453.7,2836.185658,681272,0,541465428.3
28087982,2180.034288,3108524,1,1009042667,4674.870181,4950286,0,5718139253
809218730,10598.16724,1284319,6,8942763756,14363.72696,2037112,2,17828280508
3124313338,419.2,1871,10,281721.96,232,1268,1,132774.4
22474050,3407.82177,1284319,3,1732387791,7153.799641,2037111,0,4950401304
1147303028,6666.121951,1284319,9,3901301061,10347.22967,2037121,0,9828114785
195140602,9886.002899,1284310,2,5566985636,15322.44348,2037116,1,13430932660
2267546641,4776.322748,1284310,3,1508678189,6724.965935,2037116,0,3262757618
20362684,2064.880689,1132135,0,269653550,4668.555423,7054429,0,3867580392
50269633,9037.811563,1850842,1,5817985252,13083.83084,2690538,0,12167877691
2276286841,4143.684536,1284302,6,3394058623,6284.23299,2037112,0,8698196244
220170557,1662.475728,14347,12,4109309.919,4069.946602,278373,4,589783102.4
22499765,1862.649895,3108491,1,551012628.8,3648.672658,4950952,0,3195892184
2819139989,3792.024436,1450651,1,1930553411,6690.994737,2325951,0,6389533491
34750002,5700.90927,1284285,1,3542623682,9298.16568,2037107,1,8698305318
3016122241,8409.244604,1284285,6,5033474819,10890.27878,2037107,0,9921770474
133844829,2176.437132,698216,4,481167609.1,2836.451866,681354,0,541586125.2
28087982,2203.893233,3108486,1,1018187642,4650.727757,4951322,0,5685820082
809218730,10591.37201,1284284,6,8940399655,14523.94198,2037103,2,17831401212
3124313338,419.2,1871,10,281721.96,232,1268,1,132774.4
22474050,3407.595338,1284284,3,1731282943,7150.9474,2037103,0,4948887652
1147303028,6666.054878,1284270,9,3901076350,10347.51016,2037100,0,9827996269
195140602,9837.942029,1284270,2,5566660807,15270.87536,2037099,1,13431473758
2267546641,4761.732679,1284270,3,1505639521,6723.95612,2037099,0,3262925776
164226176,1362.915726,3108417,0,291957184.1,2599.90295,9473843,0,4376851377
2673148399,4267.860927,159856,8,300493247.1,5410.94702,240514,1,580522916.9
4061462194,3545.256461,470134,12,537546498.3,4198.944334,614496,0,874370344.9
2808847414,3780.16129,866396,3,910928340.8,7223.551971,2326219,0,4494152959
77472635,5836.408629,1285479,7,4326247399,9586.926396,2037294,0,11019606723
913196785,4087.435565,1285472,1,1631505910,7283.468683,2037292,0,4465708543
26283813,4943.591696,1285479,1,2213723713,7018.623991,2037299,0,5272960650
283682540,8213.37139,1285479,3,2098234556,13254.71323,2037299,0,6315791160
3076039949,2625.102615,360918,0,173322480.8,5516.602781,1470728,0,1573354401
453349711,5924.086795,1285473,1,2157334010,9752.683976,2037305,0,6587032427
378200785,8913.346881,1450949,5,5688152480,13081.13705,1997853,0,10645308778
1179455215,1991.519268,3108416,1,988286515.5,4118.192308,4953096,0,4907498440
27607283,4994.876847,1285461,3,2497084498,8641.587438,2037310,0,6398884014
21527566,7850.666667,367585,1,1746608793,16998.23242,2832520,0,25951550651
432396682,2897.704765,1224386,1,548356996.2,6268.834335,5679525,0,6308222052
28306725,4953.996779,1285461,1,2543765578,8452.835749,2037298,0,8105698569
68659708,2542.294675,1224381,1,389663589.4,5619.525303,4953314,0,4540625547
578710768,1684.223058,65961,6,16604122.22,3014.085213,278508,1,293452456
3147650973,11562.55263,1285455,10,7923167007,15822.56579,2037292,0,18991760967
163175714,2931.694199,438437,1,338470398.4,5482.289086,796313,0,1417799303
221430116,1483.233516,21485,2,6245478.778,3196.81044,278508,0,351218427.6
73379912,3290.520061,1285455,5,754737846.7,5350.369889,2037293,0,2299780160
436576452,3681.35257,1743386,1,1676341989,7786.053831,4953446,0,9307857271
221693300,5297.354472,1285450,5,3195973233,7111.252033,2037300,1,7379499287
3088494153,16102.1,1285450,11,13513528026,24329.41538,2037300,27,33089958295
3124878287,12037.6087,432664,38,3952655591,12269.71739,420640,15,3746965167
152758079,1230.333333,5195,55,1885414.889,3308.75,36117,10,97909638.69
78604926,3899.228788,1285448,1,1432553328,15600.97803,4953497,0,28104353471
8.55111E+17,2498.521008,96328,6,47801869.15,4144.369748,105886,1,130456116
31756041,1753.759171,1743393,1,268882451.3,3239.335297,4350743,0,2429679013
408454349,1520.680207,1224362,1,130792126.3,2617.572505,11589968,0,3464385770
2975603489,9627.235969,1285390,4,3729846714,12890.3648,2037271,0,9131422945
20181974,6021.652268,1285390,5,3788074808,36703.46868,12782256,0,3.61059E+11
240030844,2803.185241,431790,8,319450360,4139.911145,998530,0,1668918730
368452871,33102.93532,1285390,4,10098324448,46096.8383,2037271,0,21439547209
8.59433E+17,1357.247039,38529,5,7031358.257,2798.492386,201485,0,170416802.6
949396808,21446.04164,1650328,4,12669232692,31227.97432,3000953,0,28544126357
28543847,1880.158194,1504206,1,277602842.2,4329.741734,4955024,0,3610989361
15726425,3166.797934,1751000,1,1328892630,20797.47519,93148785,0,1.36E+12
34374472,1915.694065,1857634,1,258837682,3232.22948,4955626,0,2237567088
541791988,5901.321476,1285737,2,2733686955,13108.43347,2321980,0,15618089479
1342967244,7438.927553,1385082,2,2855485327,10689.14169,2037222,0,6432941756
16394067,5033.59755,789322,2,1422731107,10217.7629,2082746,0,8747548339
2826910860,2268.561983,56585,2,33237908.61,4804.694215,286249,1,741103324.1
8.5879E+17,3891.263158,145691,12,233862568.3,3753.410526,177210,1,342889931.5
2717669531,3500.196078,56585,83,70960189.65,9250.254902,286253,18,1685093367
105800463,1676.8341,1751015,1,200765671.3,2938.752493,11611652,0,3748881337
143779403,1157.741457,1505810,0,71471579.13,1881.456939,8115466,0,1815594930
458314051,5103.551843,1285722,7,2436595661,8103.985023,2037240,0,5925182013
207697553,4013.201693,1851132,0,1269951071,6757.906125,2692567,0,4467410855
38880112,3097.924456,1453712,1,1407659363,6639.384123,2327772,0,5785673366
389434876,1719.354172,867831,1,151966304.5,3148.949286,4958712,0,2003432518
2260576352,31996.85202,1880184,2,14454958947,42997.42422,3237127,0,30256913802
989608254,5377.298246,1287213,4,2596270569,9402.434548,2037327,0,7745545377
5733842,3501.552828,1287213,2,1937216566,5631.914621,2037327,0,4807263984
33881503,8266.371747,1287213,19,6518276932,12770.14498,2037327,1,16396312158
311956971,2761.737113,1287213,1,1235470744,5844.686082,2037327,0,4417790336
174396155,2023.088621,867642,2,240307605.4,3968.034799,2328038,0,1738946674
2979904613,2142.953596,1287197,2,704203572.9,4398.41454,2037329,0,2366099420
76969741,6763.100559,1287197,6,1969855670,15062.84996,6223008,0,35648560323
932446861,1594.792912,1800060,0,234465207.6,4203.223173,25893255,0,14953307790
89653453,12253.02206,1287215,42,12335661295,23997.98529,2037328,5,34353498246
3046364783,16646.14451,1454108,14,12673129356,22143.6474,2037326,0,20495408555
105876726,6454.882943,1287215,2,4237173874,10134.75084,2037326,0,9922700476
216516145,2474.526364,1041278,1,773607391.1,4803.600642,1438445,0,2273753086
34244239,3056.652734,3107875,1,1900040325,7520.998568,8138031,0,15415545102
28568666,2648.524538,1041278,3,707824404.5,5693.838751,1071111,0,1534779102
486105713,3767.132193,1287208,1,1005396597,5794.496734,2037322,0,2568074631
2880093051,7128.577519,1287208,4,6432487779,11228.62403,2037322,0,16341937079
1731554581,2486.115058,1041282,1,537027584.2,4914.978797,2328187,0,3080982473
2391791419,4107.2423,1287207,5,1779864746,6937.919918,2037323,0,5882485269
241279770,4079.326389,1543947,1,2490160746,10987.08387,8138053,0,39601555615
2317393614,4781.124895,1804947,1,2489563095,9479.984633,4353381,0,11630363647
114521927,1384.11236,12923,2,4518274.212,32096.21348,2083426,5,49246681783
846658374,1223.741379,13800,1,5525675.019,2558.982759,36106,2,50956738.98
20995648,1749.888968,1804952,1,242526180.9,3569.172322,6018670,0,3355599660
277712488,4289.470046,685157,4,1232320830,17736.92396,5964915,0,82108819810
121070777,1640.977612,67943,4,35236217.93,2102.08209,71240,0,58041965.76
2818248860,6202.921053,1287196,5,5439532086,8857.236842,2037319,0,13633045593
24246234,2081.540214,290722,1,133906806.5,2751.89395,346217,0,316614330.5
495068194,2538.506849,1287196,1,1423132503,4499.103596,2037320,0,3682212780
19058678,1769.322192,1224118,1,176322649.7,4537.609932,12787249,0,10418419653
264829864,6077.009009,1287387,1,2431543419,11831.68919,2037303,0,8612044396
26796376,2328.014265,1543828,1,781779379,6355.624187,8138419,0,13314304777
7148992,3909.546129,1287387,2,1752083122,6585.581549,2037303,0,6253193449
23105852,2504.791804,1287384,1,643799366.7,18355.63652,93657140,0,1.26E+12
2977816791,1415.695122,16490,34,3542579.919,2531.573171,89925,4,84807805.15
145247081,3003.423077,74684,8,52357530.92,8508.839744,390660,2,1530028654
381995113,4998.965909,1543828,5,3231679833,12045.5697,8138438,0,53866420018
18765853,4495.713934,1287384,1,2029707694,13406.89016,5966774,0,44995287972
3147590062,12904.88462,299623,115,3289357048,12981.88462,300041,14,3300380937
50370097,2149.74,22702,19,16804770.95,10668.02,369644,8,2690369300
2775015936,7278.941989,982893,8,3137486251,11193.91436,1683704,0,8598858006
1872769464,12738.80361,1426687,14,5280586294,17658.96183,2037287,0,11180341678
265280042,3349.225,299618,13,301632336.7,5148.622222,300041,0,651416847.2
34940114,1571.963355,3107136,1,450800061.8,2985.653527,4961805,0,2637006097
339547394,4822.24975,1287359,1,2181753560,8259.994006,2037284,0,5843630097
4075449898,1467.166667,2948,81,855082.8056,1247.388889,5574,1,2149709.127
1190521543,3695.62807,308991,8,434919790.2,6729.164912,505839,0,1528378143
358684753,6612.220624,1287357,3,4236657019,10384.07434,2037289,0,10518474553
1650144662,2599.149049,991880,3,336254591.3,7070.146578,4961918,0,8725783619
17963897,17415.44785,1287356,1,5692663206,31255.28511,4855434,0,29004654005
195761047,6646.885189,1287356,6,3591454217,11069.10907,2037291,0,11313634069
351600865,5750.040466,1287356,2,2494614834,9956.17284,2037291,0,7698367188
606306570,2938.8358,991934,1,544153528.2,6989.404934,4961932,0,7029020574
7.47807E+17,854.78716,1872150,0,48253351.04,1822.107146,37635874,0,11357740311
784431038,5842.614458,1286810,0,2482866526,11030.01721,2037064,0,7169122123
1356297770,4755.594554,1286810,0,2801644822,7449.30711,2037064,0,6845932476
24727170,2675.87384,3105900,0,1025962745,6729.291649,4967179,0,7190618075
435929343,4700.287023,1286809,5,2772885624,9628.20458,2037062,0,8430559276
568174146,3489.145423,1884642,0,913514872.7,9719.721711,4967200,0,12437813581
104692964,7394.396207,1286802,0,3085201230,11441.71138,2037055,0,6053651948
627486344,4419.310518,1286802,0,1978001304,7375.203673,2037054,0,4874225448
11906032,5831.757302,1884903,0,4621873888,9586.247223,4359146,0,14787110340
129569947,3050.775079,1046811,0,608230806.3,8433.977221,2330794,0,4701676511
2371641993,8020.43287,1286802,1,4360218477,13542.75694,2037055,0,12933205081
8.13333E+17,1671.6875,31085,6,17395201.79,1356.6375,32076,0,24287453.03
109245603,3736.73644,1286802,2,1439376994,7958.310924,2037055,0,7804796629
106115066,2780.514695,1512442,0,791401794.3,6658.104999,4967257,0,7167345559
558138267,5667.453619,1286800,0,2332678720,7719.512232,2037051,0,4456969594
18951643,2898.362196,938780,0,541639545,6983.887888,4857972,0,7931230741
99183766,2094.978022,73508,2,45383782.75,4728.554945,203046,0,581374920
1952492228,13795.48708,1836526,1,9977224475,18624.16605,2695228,0,18852142340
461451393,4034.030201,1286800,0,2052866693,5533.527685,2037048,0,4725235893
1652897768,5367.854127,1286799,0,1808667015,8261.463212,2037048,0,4033320150
453133872,3599.546334,1886788,0,1415974319,7363.880792,4359231,0,8156218862
2673148399,4239.309211,159775,1,298531918.7,5387.460526,241129,1,578667015.4
496060628,2964.442254,1286799,0,719507346.2,5717.166667,2037049,0,3247636356
220480870,7993.12116,1286799,7,4390276723,10764.74915,2037051,0,8804240917
457060718,1703.013004,1120878,0,213068202.4,3216.706984,4967384,0,2822376105
20736534,4545.094087,1286796,0,1431072023,7041.547415,2037044,0,3145207013
197804641,6439.600457,3105862,0,6970951716,11926.05765,4699320,0,18000788354
18678625,4625.466592,1286796,0,1948924959,62854.30545,93878764,0,4.95E+12
19087569,3430.317896,3105861,0,1597938145,7129.419181,4967507,0,8535614718
30234371,4682.842417,1286789,2,2229782329,7834.626777,2037037,1,5660742420
33921661,3229.656615,1286780,0,1140371312,6340.338462,2037040,0,3790083845
200519122,4585.012849,1457935,0,1965946358,8021.749863,2330957,0,5961819244
521713321,5637.141225,1286780,0,1623135880,8993.674132,2037036,0,4383932758
101712079,2753.259755,3105851,0,982315945.7,6318.16742,4967614,0,6060008937
21137004,6797.278261,294412,23,1457975370,11691.10435,440372,3,3390322070
113476721,3244.606273,1286765,0,887265247,4514.199759,2037026,0,1847130957
2494392186,4959.707106,1286765,1,2985687305,10892.13345,2037024,0,11441361316
2363670413,1743.630045,1891484,0,379097051.4,4330.40705,11836897,0,10049022075
568249574,4341.168677,1891477,0,1785600742,8590.9423,4359859,0,8310208790
503492894,943.8275862,5377,14,1134491.522,1022.551724,5748,1,2271458.592
181105871,1804.128205,36075,0,18871845.06,2219.871795,64825,0,72306277.09
181243457,2003.676606,45830,0,13374541.06,3082.733945,279740,0,229684181.8
927480949,2825.368243,1458016,0,529325572.7,5792.734167,4967952,0,5090026128
131970620,3118.759073,1120871,0,638156270.1,6431.081832,4967975,0,5519636258
1654791650,11297.15133,1398260,2,8186253100,16248.54479,2037017,0,16349796178
2198180998,1992.761468,128917,0,60218800.33,3346.284404,137028,0,168815508.2
8.58487E+17,2115.772727,36075,6,16841581.99,3214.390909,116436,0,149927162.9
151028274,5170.80633,1286746,0,2284732569,10628.62124,2037017,0,7075337124
494082207,3972.561497,1286746,1,1753360081,14985.03981,13651751,0,1.14792E+11
175005016,2941.681697,1047736,0,623648385.4,6608.722041,4968048,0,7119209605
100260784,2957.88722,3105775,0,1266639877,6521.78181,4968099,0,8151682914
17513747,9494.943966,1286740,3,3699924233,15387.36782,2037013,0,12541093693
172090468,4572.242566,1286740,0,1812120700,7170.579439,2037013,0,4324405191
580749365,3022.794298,1891503,0,713366052.8,7916.86855,4968164,0,9033106250
228360358,4558.745704,1286746,0,2453328945,6127.696735,2037013,0,4811663055
550076077,2773.758863,1891518,0,962772381.1,6360.420206,4968234,0,8337865920
84276399,1804.171963,68092,1,16552634.05,3310.014953,279773,0,232415961.7
301671009,6286.696221,1286740,0,3712595821,9729.015988,2037019,0,8309267507
373442908,2938.246003,1223855,0,822144760.8,6153.603451,2331227,0,3930663089
542025094,3861.474552,583496,0,542626049.2,4891.417204,916261,0,1097703020
932745390,10067.30859,1653900,30,5384297404,13684.60417,2999610,2,14166173344
20276412,6791.149435,1286740,0,2815310018,12564.94266,2202747,0,10260352158
128642272,1748.475,12923,1,5301708.549,9860.275,279781,0,1926892116
2890801661,2636.904168,1458307,0,1184186720,4374.267933,2331247,0,3449689863
105200096,4551.202431,1921133,0,1328574713,8975.307881,4045399,0,6257961442
187632184,3440.230305,1899418,0,1121240008,7947.812233,4968384,0,9629123055
1963428127,5266.610451,485916,3,769919239.9,10020.8076,1782949,1,8021850646
1350441445,3295.673948,1899578,0,1250672653,5888.107861,4360281,0,4974819703
522501686,3098.473165,1286716,0,655843944.5,5795.93713,3452104,0,4657268741
3088489516,5509.220194,1286716,0,2449582745,7428.695379,2036995,0,6058420069
199827483,4703.735318,1386932,0,2234990425,8481.973945,2324414,0,6838574861
124768144,1958.357143,54093,19,38665533.04,3199.071429,76661,0,116739081.1
3127533492,1954.853659,12500,11,6218637.198,3195.04878,36088,5,60690095.41
1351389578,4080.330347,1842895,0,1772133847,7169.582115,2695840,0,5727003388
459224564,4619.15869,1286716,0,1584905505,9777.714106,2036992,0,6740240381
962576641,11006.30435,1286716,18,11883962091,18714.26812,2036992,5,30313590528
312926964,7826.791176,1286716,2,5059765766,11658.72941,2036992,0,12550228132
3066126892,10764.77778,1286716,105,8473618330,16406.94444,2036992,11,21391031739
1633543440,2618.163248,808962,0,446672152.3,6900.910826,2200793,0,4363114490
19599760,3309.948864,101450,8,106034514.8,6889.551136,279813,0,738664540.2
2323710210,2690.582498,1286699,0,837146407.7,5716.35599,4968471,0,7124962722
40297217,4235.993575,1458781,0,1962363492,11530.83531,4347800,0,14179028061
566536507,4928.480567,1292443,0,2193029658,6438.490011,2036983,0,3710997079
2909746599,7747.494924,1834866,0,4020167075,11056.54759,2695860,0,10229152527
269727431,7473.068548,1909165,0,7417022785,12984.32124,4362347,0,31551164624
2863801762,6633.254098,1286699,9,4624325899,10138.9918,2036981,1,11705736965
82093305,2221.797599,1223841,0,264873563.7,4826.450002,4968687,0,3483346167
3092618146,10295.73529,1286747,0,9782943330,16427.79412,2036973,2,24863299114
2912985754,2769.98917,143802,35,88422148.29,5617.205776,472730,2,1150009259
77808680,2822.563192,1286747,0,527318406.6,6396.683327,5716602,0,7139400506
257653019,8439.012579,1286741,0,5541032612,12234.48428,2036961,4,13712328988
18760041,5051.09797,1286741,0,2771051160,12138.59665,6301303,0,40251679304
43312141,2594.191354,808961,0,295486685.1,5154.606964,2331640,0,3220638086
84563846,2322.448682,1921977,0,582619316.3,4787.710919,4969096,0,4888579542
65383450,1318.973684,5189,1,1757780.447,2129.342105,36083,0,34108639.44
20041276,5736.887506,1286804,0,1985279400,9839.777778,2036945,0,5806875039
20306686,16449.70492,1286804,2,9793849700,23658.95738,2036945,0,19887967642
80968760,3268.597158,3105686,0,1721911883,6997.021233,4969223,0,9869555572
21111483,4129.674419,3105638,0,2654215133,26448.95486,93942780,0,1.52E+12
2983891405,3517.178703,1286799,0,1239518778,4554.277819,2037007,0,2348161895
23777452,5565.516995,1286794,1,3297022571,12309.23614,2037004,0,10171667688
2841826715,3173.905051,1459359,0,1059847738,4741.85133,2332165,0,3564541253
112761860,3498.212685,1408279,0,1082665367,7061.063136,1781717,0,4502294497
2187308145,9461.492958,1286794,35,7773384570,15052.0892,2037005,5,19762140176
22804395,1785.354839,40240,1,14129530.62,2668.503226,68064,0,74582454.52
2204660084,4012.304608,1286794,0,1776561208,12697.08079,4969522,0,24722131521
1227716558,3648.7001,808939,0,758977887,7712.771076,2332191,0,5845059399
3012159189,3448.595238,1286794,0,922248243.1,6084.525641,2037004,0,3009004838
150003582,2578.6,5238,96,4946092.64,9238,36082,35,192765281.2
608508170,7092.462687,1286794,1,3765840161,10835.41978,2037007,0,9161910295
714049944,5866.919463,1286794,10,3822487045,8961.642058,2037007,0,9633510586
815306454,3247.575515,1050567,0,495165810.7,6281.697876,4969573,0,4502947915
241841666,17689.41076,1286786,14,8624251849,22971.82396,2036993,0,16536048153
986390774,2212.200533,1050561,0,299841859.3,6598.93118,7350321,0,8657925390
1551071150,5344.310223,1459607,7,4538075004,7265.958872,2036991,0,7567301478
2704774585,16045.64672,1707413,4,14967214250,25649.78917,3239095,1,43970060828
1216506050,2229.956244,327103,0,223503904.3,3676.401094,452164,0,486250631.5
2432641802,1920.178182,96378,11,36739911.19,3075.912727,279916,16,355999073.3
573682548,7580.791583,1358687,4,7011459350,10877.27255,2036990,0,14180963347
3143931867,1092.662338,11048,9,3546074.457,931.3636364,21592,2,7468779.374
19534396,4994.868533,1132411,1,1513348677,8365.701442,1148046,0,3251573986
42163539,11747.05118,1286700,1,4536052843,16431.42257,2036883,0,9746903747
250306638,6441.906821,1286700,0,2569513764,10949.88124,2036882,0,6653785352
19915728,1995.273274,1286700,0,514323901.1,4375.904498,2086204,0,3563778445
3034405491,5747.996923,183782,7,337650067.1,7963.178462,280038,0,764089142.8
449139643,2641.779275,395785,0,251347738.9,4927.973884,723178,0,962403104.7
496906695,1422.225352,50809,0,7655876.718,5753.032394,1492710,0,3380011173
394841647,5023.078313,1286700,0,2923330823,8266.980422,2036879,0,6845013168
19973305,1923.314398,3105269,0,574204432.9,3479.457788,4972213,0,2900601588
1342705754,7698.971861,1286704,3,4323929563,12273.83983,2036859,0,13125530070
2660755152,2541.215943,2001445,1,781503707.8,6031.45401,4972273,0,7876752724
392155662,5188.883552,323702,2,602675150.9,7835.516739,396580,0,1295267683
532241033,1645.908615,2001480,0,283897790.4,3045.024675,4972468,0,2348655868
483224449,3017.372519,418663,1,369074315,5163.737405,791983,1,1751239573
260738126,4095.438676,1286687,0,1893661724,7199.244545,2036857,0,4890755122
250311545,2794.597425,3105237,0,1164188870,5794.276775,4972532,0,6037247654
1527302432,5413.251732,1286690,2,3859550841,8545.457275,2036848,0,9877982242
391973986,7040.496333,1286690,0,4126345853,12837.6577,2036848,0,13826067924
8.55421E+17,1988.32243,113325,11,35443798.22,4092.03972,239057,0,235319961
360890130,9194.600887,1286690,8,5342614601,17057.34368,2586101,2,25003298797
23210863,3991.87069,275113,31,648767815.3,25845.5,2086322,0,38341182283
1520163139,6443.674623,1286690,0,2802178537,10741.80025,2036847,0,6933507458
140020746,3052.05814,867193,0,450646277.1,6679.421927,2333675,0,3744902645
20585205,28775.22944,1385376,0,10475006237,35841.02165,2036848,1,16721826860
550086106,7968.112745,1286690,5,4486973514,11636.17892,2036848,0,10787640990
118429508,2948.549124,2001513,0,690177296.8,5555.82745,4972685,0,5370134176
2723743580,3934.807407,208908,2,343367676.7,6236.2,288879,0,1007906258
376905231,1221.036364,110930,3,33421411.15,1509.205195,110997,0,65960484.12
35598574,8442.784355,1286680,0,6262220673,15711.34672,2036838,0,13878225749
19407599,3414.810291,1461705,0,1163774414,7486.556578,2987080,0,5320087369
114689761,1116.264151,12922,14,3770565.987,4243.518868,280084,1,762687627.2
3072775744,2927.729293,158023,3,104396786,4055.911111,280084,0,304126213.7
309587728,3404.912818,3105223,0,1530738198,6848.81714,4972791,0,7494359419
67575441,17532.87154,1778496,1,9068210968,25614.32494,3238234,1,24785331493
407091045,5312.201385,2004644,0,3667420867,8381.594922,4377310,0,14158203297
86192099,3107.840705,3105212,0,1613796490,6719.143979,4972926,0,8957028006
1704469674,3084.850829,239143,0,277811413.1,4753.359116,280092,0,629514445.6
19858924,3226.375609,3105211,0,1820227678,8358.008487,4972955,0,12533089070
130857126,3334.594012,1286656,0,1342572708,7079.670659,2036823,0,4487830349
528528903,1592.655172,5186,15,2564608.571,3731.310345,36077,7,74056260.9
103085575,2676.44557,808859,0,505675004.1,5715.724304,2333844,0,4324016478
20228559,6640.987469,2006422,0,3159866256,35804.07786,94028529,0,1.54E+12
15673183,2596.906963,1286656,0,586258489.5,5991.351001,4738105,0,4781025680
386776248,2404.604539,1513685,0,517689334.7,4600.591282,4973126,0,3874968654
2819552283,3779.896603,697880,5,856859086.4,4982.983752,683855,4,1080924903
36924726,1442.647538,1173309,0,163913051.1,2425.703619,5969340,0,1857693151
142994950,8216.8675,1286574,0,3954285820,14077.39375,2036803,0,11787956503
215206530,4271.342415,1461838,0,1662544862,9921.753406,4973428,0,11580648673
2176717478,5928.661417,549559,3,1289362935,8992.362205,794118,0,2981406391
494828691,3020.316628,2017447,0,990837729,6541.308877,4973478,0,7776091221
128590458,1728.363636,11897,0,4186054.179,35549.8961,2086574,0,56926119026
20148039,2233.331546,860785,0,231966523,4941.356712,4973545,0,4250300346
36154400,4446.027855,486872,0,600145552.2,19938.72423,5901716,0,46486834628
50267356,33744.34211,1223662,17,38273222383,31595.78947,1116387,6,31845143865
80697605,3772.911111,1286565,0,2155299892,5839.840741,2036795,0,4890176521
382612033,4091.4,246799,17,600235679.9,17019.59,1051944,2,11670661695
1469686752,2562.915089,996154,0,432287706.2,7151.211434,4973611,0,8563545113
3072168695,2771.42255,1286563,4,1065991626,4771.437278,2036798,0,3960530740
27718919,1422.125,5189,16,2440371.609,4691.5,36077,12,140844176.3
92498317,2427.293658,3105122,0,933636339.5,6014.810705,5969293,0,8465518562
225857392,2435.653095,996152,0,285532116.8,4881.156247,4973978,0,3696532497
2863905923,5207.052503,1286552,0,2528072722,7528.622711,2036815,0,6392414369
20124345,3407.541478,419480,0,609932882.9,7173.838612,694252,0,2200389748
430299812,6137.634371,1286552,0,2400201416,9217.136101,2036815,0,6209391736
116855481,5680.932021,2017515,0,4632963793,9368.421941,4378346,0,15866265876
91786287,2260.266292,3105106,0,1244746401,5136.873737,4974186,0,6691601047
3084691864,8446.747312,1286549,7,8833422074,13074,2036816,1,22160715469
3039502624,9943.380109,1286549,0,3430990413,15225.60899,2036816,0,8448665859
478891321,15810.0989,1286549,7,17946262413,32354.02198,2036816,0,50334188366
237700394,2075.247466,2017521,0,555206658.3,5689.435063,4974343,0,6320479421
865128397,15305.59767,1816191,0,9537945256,21206.62002,3235472,0,22782374124
112814041,6759.75,1286545,0,5658634996,20722.10616,2086675,0,29422463803
3034417965,1738.8,8691,68,3909968.08,5863.52,51241,3,207987196.5
60585651,2315.827351,3105096,0,1003921129,5508.956525,4974468,0,6274074533
76948062,3406.671875,1286542,0,1746302754,6245.397917,2036803,0,4814340590
23424533,3877.224856,1969950,0,1983161982,6310.0948,3238437,0,5074995747
3094724475,11007.86826,1286541,40,10050591072,15779.11976,2036802,1,24842874520
2982284249,6593.464286,39543,947,85801648.96,8321.785714,152144,23,861214022
508707905,10623.57109,2017555,0,7934795189,17270.29377,4378437,0,30554505990
2342164885,4841.845279,1286544,0,1555608029,8529.84471,2036791,0,4324959984
1693194818,1668.555556,13879,15,5494428.215,3152.746032,36077,5,45865006.38
955161218,6599.494302,1281008,2,1933934316,8459.352564,2036654,0,3973033475
3329615980,1722.75,4456,463,1642364.188,487.25,2450,1,578430.9375
955161218,6599.5349,1281008,2,1933957002,8459.352564,2036655,0,3973036724
3329615980,1722.75,4456,463,1642364.188,487.25,2450,1,578430.9375
955161218,6599.623219,1281008,2,1933983945,8459.343305,2036655,0,3973036166
3329615980,1722.75,4456,463,1642364.188,487.25,2450,1,578430.9375
955161218,6599.732906,1281004,2,1934013903,8459.346154,2036648,0,3973026201
3329615980,1722.75,4456,463,1642364.188,487.375,2450,1,578451.4844
2776642906,9625.560886,1281004,6,7983111151,13830.00738,2036648,0,17702089897
357805905,1924.249412,1221709,1,279687732.2,4162.298871,4928465,0,3746354386
396797216,2915.556189,1281003,6,772043735.3,4671.942997,2036645,0,2594227651
147734164,2723.20769,1029225,1,542949021.1,5229.237408,4842460,0,4134116116
254754156,2684.539007,1281004,3,1000136863,5096.951537,2036636,0,3353627763
299704578,7548.558935,1281004,4,6279150268,12371.8365,2036636,0,16137230467
132236753,2209.197251,1029222,1,339943330.5,5119.793957,4928879,0,4622767501
571158028,3697.551311,1280996,2,1546840274,8865.809488,12762566,0,43780185161
132528481,8062.978166,1280996,3,7188912263,14855.20524,2036631,1,18709546657
3127074352,8706.084091,1280996,3,5647395683,13811.41136,2036632,1,13671895538
3387996465,3299.703422,395175,1,348812520.1,5373.134347,705430,0,1398729698
106679817,3931.492473,1280996,2,1841295725,6793.694624,2036632,0,5263884248
858757436,3603.524752,200578,4,393601705.4,11852.42574,719432,3,5773075669
20253722,4719.229295,1280996,2,1667968350,7372.199629,2036632,0,3775201225
610142104,5991.791887,1280996,11,3268818370,10391.99647,2036632,0,8213819208
3108186814,22143.92188,1280996,44,25159497158,34846.04688,2036632,5,63625977266
248186795,2332.980373,809901,0,288981969.8,4703.732384,2321650,0,2514452845
115020134,4070.989374,1280990,6,1312377707,7408.477629,2036626,0,3775272118
153914621,2062.285436,1029220,1,334067092.8,4542.448293,4929169,0,4351546159
68391291,11021.67647,1288819,1,5960192431,15618.74118,2036624,0,10589977891
20229729,3091.34646,865360,1,575897656.4,5605.733578,2321681,0,3021518622
130133607,4186.674901,3109472,3,3479738966,8153.05045,4929307,0,14259490226
79130132,7401.669492,1280982,4,4853309072,11281.59887,2036618,1,12049013002
245849058,1862.6217,1544522,0,317245315.3,4630.402574,8131935,0,6639717845
172657974,13939.65538,1413310,1,6390615177,25168.84615,1771193,0,18090950130
2416910936,9081.379577,1280986,9,3443429089,11530.62254,2036617,0,6023976789
57148778,3926.37594,275300,1,599682299.3,21161.40602,2079739,0,32914131976
961062661,5515.917254,556696,7,1007091642,8499.887324,717158,0,2195644290
14395178,2735.96371,1603120,1,686053376,7323.661624,4929521,0,8696923448
2902930059,3502.026336,865361,1,848112460.3,6988.185919,2321764,0,4078851506
345215801,9659.235894,1280987,2,3383927370,13529.05582,2578897,0,9384712757
2205752888,12756.92614,1409063,4,5797027841,18738.35552,2036618,0,13293596084
118117970,3939.610817,1280987,3,1527444608,5409.470899,2036618,0,3349351867
17298241,3062.243385,3109441,1,1624448894,8180.26407,6245336,0,14564782280
3039349901,2595.240602,35732,17,17571448.89,4915.631579,277230,0,598295104
20688804,1690.402082,843972,1,152557172.6,4012.391469,4929782,0,3578680077
3244940967,2080.775641,84591,11,32724095.69,3730.567308,213243,0,245832276.6
21346129,8335.993483,3109435,1,8387984476,13367.47038,4702511,0,21715957266
475138726,5605.124722,1280986,5,1955034970,8646.795843,2036610,0,4946935647
26584956,1973.320863,1607850,1,339850229.5,4268.750497,4930098,0,4287292172
26007404,5972.745808,1280979,1,2765671629,9730.948808,2133880,0,9173163631
129175534,1638.430769,19443,3,4256923.482,11067.52308,2079972,0,13726049707
615011876,2624.723077,291641,1,170816255.7,8185.590533,2322125,0,6116028048
2834640796,3171.12931,120166,1,146579747.3,5658.75,284331,0,837317201.2
2288178812,1098.75,11509,7,3132734.938,3035.361111,123514,1,226123499
407741330,2397.313503,1607918,0,438703387.9,5633.428709,4932150,0,5543494513
387806419,7354.7808,982732,9,3560293610,8892.2336,1025901,0,4006357064
253490735,2493.707005,1611815,1,395469842.2,5916.13988,4932319,0,6279113602
610074558,5346.347107,348769,8,595915682.2,8003.786777,661772,0,1981884014
2825883455,3420.75292,1280956,5,1602477052,4602.5885,2036608,0,3973064206
3030160806,4816.73293,1615244,2,2426753190,10725.47973,4341319,0,12442581423
1723301382,5689.684466,1280956,4,4108435818,8912.012136,2036608,0,10484448414
206986175,5703.94008,1280956,3,2861788880,8644.635153,2036608,0,6583395318
21408041,2657.114609,1617809,1,689353000.7,6079.990562,4932503,0,6840603188
101262304,28449.93607,1892283,0,9956220226,39849.47071,4932583,0,21355730515
20000725,1388.957692,1626246,1,166892971.4,2971.305569,11414911,0,5772852595
381049055,8853.492901,1280938,3,5541928849,13285.01623,2036586,0,11734642587
711964386,5993.491329,698373,2,1796822032,9629.685934,1683507,0,6982296952
277496722,3080.821582,865322,1,445975201.9,6548.160842,4933129,0,6125516224
1140683299,10343.10952,1872905,1,7763676994,15400.387,3247719,0,18809026015
191074455,3742.25283,1444823,1,1226319122,7996.234628,2322360,0,5409395767
6774982,4022.834711,628724,3,548539636.6,86786.41022,92714113,0,6.58E+12
1086188929,7577.82153,1280929,3,5049743386,11115.19547,2036578,0,12399826461
15133808,2824.706157,1481971,1,785562010.8,5229.335684,4933342,0,4808097458
61862447,5251.554762,1280918,1,2290618715,8337.595238,2036568,0,5032712003
2699190565,5085.434389,1280918,8,2690548008,7783.912519,2036568,0,6942476623
1114522266,3359.114458,1626288,1,1443994759,6822.40261,4341889,0,6605816143
851533627,6212.988717,1280918,22,2966355657,10271.51058,2036567,1,8820073817
124152473,2044.554163,73552,7,12859817.14,18582.22202,4933503,0,37127755943
279545611,1061.024793,9276,29,2165227.776,1103.487603,21807,18,7456308.184
2922399688,4830.698994,1626937,2,3201294861,9592.7217,4341912,0,13100757957
8.21371E+17,4365.145455,45872,2,78174870.74,6082.690909,90308,1,206809607.6
537216043,3983.719217,1280918,10,1990658835,6305.762946,2036568,0,5064742888
138537503,2007.75641,14489,26,7216619.312,5301.064103,277422,3,984154716.1
199632404,4254.641221,120178,19,151489410.4,9542.29771,284446,4,1355668610
28803498,8378.937028,1280918,11,4801881040,12601.41814,2036568,0,11711159665
3036280263,2421.615938,3109269,1,1841741378,5058.937005,4702352,0,6958779568
418116925,1758.984615,12929,49,5361962.938,6110.415385,277425,2,1173343036
62093763,6915.420482,1280914,1,2728968598,10926.83494,2036560,0,8227160083
1417840321,3789.370422,809870,2,737199338.6,8223.122428,2322513,0,6249732971
1430228162,4270.879534,1280914,15,2244585483,7097.137306,2036557,1,6840547938
72341341,2354.181926,858740,1,254845080,5803.615339,4933749,0,4931787467
1305528373,3230.753259,1444904,1,1023369609,5400.310987,2322538,0,3047630112
883173469,3316.21432,1635672,2,1255958499,6397.583293,4342663,0,6675421545
2586231522,14421.25455,299940,1,2553397819,19743.34545,300185,0,3920293507
114781264,4958.250509,1280932,5,1537525727,12276.09233,2036553,0,8320408962
17685009,3466.618532,1503822,1,947831057.2,9671.751972,12766062,0,25287642507
378070216,2435.805142,432746,2,172695708.6,3276.508796,420954,0,344038689
489221664,3895.455927,698357,2,854948050.8,5112.470111,679928,0,1195984928
130640704,10004.63854,1897229,3,6595552671,14874.15072,3249608,0,17784642502
482866177,1787.403908,1221911,1,255446220.7,4037.65518,5996389,0,4320979288
388250401,3099.159363,3109175,1,1297157659,6969.482072,4934486,0,7466180201
2469000333,1370.169435,44311,8,8810649.117,1946.863787,140053,0,95352356
328576792,3020.564787,1030545,1,564455739,6304.512735,4934621,0,5531544813
2399289469,3228.340611,89098,15,96141207.12,5592.28821,277474,3,599119818.1
167454696,3733.55665,698357,15,840692303.5,6239.192118,706865,0,1778634755
2848370703,7723.016,136748,3,432535122.8,12828.096,284544,0,1403019329
2979642791,2473.639868,865274,1,278825120.6,5063.155913,2322683,0,2928446596
311986618,1523.6351,809838,1,148229238.3,3633.7451,4934805,0,3739663745
401568431,3291.8125,1504039,1,951243394,6614.609375,3248872,0,5532227759
543443216,2261.720101,419778,1,224989541.1,4685.404532,684906,0,813865507
355623405,2062.75559,809832,1,186992270.7,5016.14346,3799789,0,3960512475
14077382,3291.612737,1650158,1,735646061.9,7648.550274,8132741,0,10232148724
391510019,7451.373434,1422272,1,2721606950,11109.90476,1703309,0,6396377623
144132870,7486.353312,685321,7,2561643014,26693.35016,5948639,1,1.12624E+11
21400725,4392.578829,698342,3,1003942971,77617.03228,92739258,0,6.46E+12
479644360,2823.710114,809825,1,415890565.7,8866.793447,4935337,0,13257023585
114505454,2289.606743,1650157,1,415198619.5,5571.595559,5969563,0,6505508985
19334591,4976.519,529444,4,928308411.7,22167.804,8009558,0,79173270403
2991735843,4147.188285,120201,11,186750040.5,5813.757322,284628,0,541024796.2
107722321,1599.632723,1650139,1,169991216,3090.7802,4936036,0,2817603408
27625137,2630.986264,120210,6,76414746.08,4468.67033,284667,0,430945919.9
140113193,8721.441026,472396,4,2688158888,18112.08718,1687574,3,16838375075
108654496,2043.851774,698339,1,142092247.7,4427.618269,2322980,0,2676545053
44548822,3676.690401,3109129,1,1584962991,9557.597494,4936453,0,11661576385
58836363,1597.18172,1503994,1,231066970.3,3456.685032,5636646,0,3173480226
81719888,4621.077412,828671,1,1002269713,8413.925477,1485150,0,3692646061
2704853871,874.6142857,5196,10,1432097.237,1142.614286,36123,0,19354472.64
278981081,2861.568548,120208,10,113981210.3,4248.439516,284762,1,442677413.1
131862459,2954.563651,865161,1,376590712.3,7214.132116,4937318,0,7791672853
338418908,10094.27479,1281755,10,4685814189,18872.50826,2036481,0,14180605531
5745912,3985.59797,438517,3,719201829.5,6318.216244,730030,0,1819750566
48044043,1819.26835,1281755,2,640241973.9,2422.613204,2036481,0,1739782680
7.54764E+17,1768.779661,58279,5,29754517.88,2235.355932,56765,0,45645103.52
890969652,2101.504202,15214,2,7935383.981,8141.655462,277652,0,1260506667
2737204784,1893.138554,96802,11,34887426.4,5417.542169,277652,1,594519662.9
1053637880,4694.222393,1281744,1,1721847398,8075.338957,2036518,0,3796161990
919914900,3893.551379,1281744,1,1294718580,6981.354653,2036520,0,3532074790
61052508,6513.467932,1281745,2,2522754306,10541.04483,2036526,0,6360642758
2736504321,1909.020408,15914,4,7850047.394,5048.646259,277680,2,609769167.6
20392734,2379.881,1281735,2,695851560.7,7325.507757,12768012,0,32690550942
631874663,2425.039066,1503973,1,452772444.9,5746.636263,4937977,0,4568249886
259707048,6525.896313,1282038,2,2925358288,9589.514977,2036591,0,6586245456
485146783,2901.597427,1503980,1,868829685.7,6018.370494,2323226,0,3807483856
262163061,2791.76604,1667064,1,990792426.3,6401.330896,11423029,0,15649473564
1190173345,2077.108463,208918,8,65954087.7,3289.7765,284798,0,215420175.5
180013616,2615.492374,1503946,1,676289884.7,5888.634558,4938226,0,5941599716
2478823452,3830.444853,1281943,16,3014578653,5513.998162,2036606,1,7637962265
1407283063,15561.45685,1281931,9,9150716065,23005.76142,2036605,0,23528275299
2271025438,3137.129393,1031208,4,750721779.9,6946.466254,3435565,0,7388621531
22504375,3890.507157,1281931,1,1170094158,9587.928937,2247756,0,9825401805
68701451,4496.174704,1544302,1,2553397887,13077.6697,8133790,0,61311417586
592985942,4640.547554,709586,3,1061080182,8207.903533,1502507,0,4933019684
91817305,4551.641129,709586,7,2049446693,8263.254032,1502507,1,9130658379
65433010,2814.065287,1281931,1,1540007019,4579.817675,2036608,0,3651222605
326184301,1451.233588,1032090,1,134904710.5,3169.521539,11428395,0,5897096487
393947529,4968.946825,1281915,1,1767441643,11881.3325,4938894,0,14792374950
2529571862,3464.721905,299857,1,363268734.6,4553.455238,300149,0,561450780.4
97648525,3065.07491,1503899,0,759102366.4,6269.667599,2323405,0,3990303522
222477026,3265.694081,3108969,1,1595448099,6863.65917,8133962,0,11951812757
245727810,6826.598592,1281907,13,5780455315,11213.65493,2036615,4,14876640861
261134741,6521.352697,1281907,2,1903003829,11092.76052,2036615,0,6273470274
110214790,2537.566125,66669,1,41031117.91,19102.09977,4335764,0,48490766061
2375470213,4938.310667,1281907,4,2412521278,6801.638667,2036618,0,5900335834
102958885,3132.500689,847956,4,532849691.2,7701.624346,4939154,0,9407674344
65113456,4115.820513,728940,2,683297130.8,7523.215812,765747,0,1775609803
249709671,2688.594337,1670426,1,519298711.1,6772.397802,6257498,0,8874596275
2899811301,3234.957265,69641,31,93743503.58,7414.717949,281575,2,1368656242
2855674449,3005.285214,1670436,2,1004047661,5556.756407,4344780,0,5718886138
117110732,1066.552239,5196,8,1617412.874,1816.283582,48955,2,53256669.16
415449314,3198.975353,1670436,1,786096313.3,8030.788475,4939554,0,9454977048
562385310,4981.687751,1281890,3,2735008107,8248.120482,2036616,0,6641870987
27222038,4423.617868,1281890,7,1922435130,6271.489489,2036616,0,4068129560
3080381151,10923.58824,1281890,5,9676863984,15188.6631,2036616,1,22927204716
860471443,3304.835753,1281890,1,871243776,6113.380586,2036616,0,3375260010
127970776,3575.685185,1281890,1,868730225.5,5123.6565,2036616,0,2368844460
134738764,3149.041969,438512,1,437314799.1,13421.5569,4939760,0,25191778692
350291997,12807.28721,1281890,2,8577535952,17689.37076,2036617,0,16848049282
19483244,2371.448036,1281890,1,521724447.2,6955.937021,2778094,0,5948996648
5715682,1608.340986,1503883,0,343582597.8,3855.08617,4939999,0,3152284446
454933267,4409.240355,1670469,1,1040243960,8181.651988,4344926,0,5516973067
381433782,3687.704358,1670521,1,1530590435,7150.016223,4344963,0,7647399547
726223878,7713.883006,1433438,1,3815248796,11842.84569,2036610,0,8843441923
20304026,24513.36124,1874939,4,15847438083,33080.01734,3241544,0,33885787377
1328897358,2485.327105,1671349,2,572606626.3,4400.590066,4344973,0,3309785843
368312542,3572.496747,1544267,1,1073300901,9776.961805,8134445,0,22757485323
2524821590,1852.921127,49595,8,13622792.71,2732.929577,277867,1,245494806.2
1344130148,3341.172543,1282520,3,921644347.8,5799.635963,2036709,0,3374019417
31095375,2761.500605,1282520,1,640592555,4664.094166,2036721,0,1732912532
148896503,3592.373112,1282521,2,2555254528,5617.196375,2036724,0,6456068431
203488374,3256.451904,299836,4,202718184.8,5403.308617,795060,0,1021262691
21746513,2494.86835,1032084,1,435017454.1,6858.206086,11446734,0,13169171107
3036710056,11645.32979,1282512,8,9527729820,18229.49468,2036747,0,24586216621
31084678,3288.688566,1282512,3,1090277407,10262.99047,5900311,0,23704841034
214128669,8678.122066,1282512,14,7672767859,13704.20657,2036747,2,19714872024
19443357,3468.217495,1282513,1,787248996.3,5606.599715,2036753,0,2108635647
222419520,2879.684762,847924,2,343350323.7,7221.070554,4941180,0,7234963396
20556929,5547.191834,1282502,5,2547522980,10601.3074,2036757,0,8140301871
542581964,4070.776545,1282502,7,2610923028,10834.48177,2036757,0,8914554212
1442028488,2506.33608,763603,1,281810708.8,6976.914361,4941248,0,9492417496
374598924,19446.86775,1882175,16,9705896230,26880.58393,3243860,2,24510515182
21666641,8845.53232,3108859,1,2490227576,13428.68246,4941504,0,7446306375
1040075106,4030.276271,1282491,6,2412924180,6047.923729,2036786,0,4820418561
1899452624,7604.305764,1282491,11,4667659742,14154.26817,2036788,0,12484923663
282750419,8116.957265,1282491,2,4060676328,11338.34402,2036788,0,9610088873
515520108,2596.100635,809673,1,316933775.4,7573.470445,4941663,0,9599459012
37762414,1861.228916,42030,11,14856469.14,3554.951807,277917,1,346299437.2
1155085681,4366.276923,200220,8,275765435.5,9088.615385,372517,0,1255340036
3006176548,4065.295798,1282490,14,2759292040,6177.136134,2036789,0,7173427005
347347870,5076.059322,1282490,3,2164559582,9204.972458,2036789,0,6697627430
57297003,3827.517126,1544264,2,2503060683,10843.38638,8134633,0,33917986148
2789756486,2962.457651,1685624,1,848800254.4,6432.917616,4345561,0,6302736145
191083682,8165.664671,690863,1,2390069515,12340.49401,1503635,1,8099593417
280216163,2655.904188,1282491,1,859320946.5,6395.969514,8031193,0,23616627162
124312153,2781.028057,1686394,1,902998422,6325.553604,4941775,0,8493054062
380897876,7011.673347,1394330,6,3803879333,10476.71543,2036802,0,9012539614
2341079723,1396.426829,14348,4,4885403.025,5296.658537,277854,1,976431803.8
62613162,2208.36134,3108825,1,767210450.1,5301.614889,4941715,0,4781563247
38886883,2849.632468,809660,1,468308264.6,9003.803896,4941798,0,12030588329
222058929,4238.170092,1282481,3,1385644645,6230.537208,2036805,0,3346553654
1048278487,3691.221343,1686434,1,1799278649,6791.886276,4345767,0,8249308348
14467310,4468.893443,1282482,3,1839457509,66178.04981,92802968,0,5.43E+12
1704239983,5375.22889,1282481,3,1615649454,8098.244941,2036804,0,4545154512
125270251,2268.93396,1221806,1,406959103.9,5795.248656,5946590,0,6336797058
1679426635,5426.12,1282476,4,2473517307,10653.60216,2036804,0,8077415010
1407768792,2190.766165,1282476,1,584733003.5,4050.204635,2036803,0,2017532462
55059675,2923.153766,1503798,1,710519697.3,6630.308806,4942414,0,6764756205
56357262,11102.31355,1282469,7,3249118806,19698.06047,2036804,0,10125255666
295807687,2631.937725,1032985,1,416128017.2,6726.760045,4942575,0,7381514492
2978109879,5435.798156,1282469,1,1975435396,8039.446721,2036805,0,5587884859
20440951,4007.280323,1282469,2,1292814666,6926.502695,2036805,0,3732169558
61733092,2152.046198,1221796,0,385895993.2,4717.08696,4943191,0,3930850465
155150437,7297.166969,1132115,3,3850522049,10572.24319,1151411,0,6372471594
2967541768,8716.082031,1282482,6,3844196844,13674.6875,2036809,0,10428721068
274026333,2438.232759,35779,6,22173529.83,7317.543103,277844,0,902199498.8
1371972630,3766.611307,299818,2,426250626,3866.727915,300150,0,480644048.8
1010045504,3393.79852,1282482,1,1173746665,7471.373933,2036809,0,5180252731
116864791,3303.231258,1686481,1,1112167864,6537.082701,4345981,0,6714809453
6058852,3012.123674,1503789,1,860497155.6,21714.60048,92815585,0,1.17E+12
214902404,3563.091349,1282597,1,1179320055,8341.084901,3809390,0,11592933057
2288547139,5149.457282,1282597,1,2173666499,8614.147573,2036813,0,5338759076
70767463,1162.636364,2839,30,792853.686,2398.272727,14929,7,18907044.2
609096352,2692.436708,1686497,1,723167566.7,6940.84762,4943756,0,8493093738
17270575,4435.384217,1282581,1,1256235234,6667.690298,2036808,0,2491328306
81857654,2363.924384,1221769,1,385675890.4,6238.74471,4943947,0,6007522335
1349723186,13061.96622,1282983,12,11368600582,22980.93919,2036839,0,32018215970
2472200292,2986.894641,1392053,1,942650795,5881.08462,2324558,0,4387497598
223552246,1961.981457,809635,1,221649621.9,5546.706734,4944118,0,6637661921
102773002,4994.738701,646194,4,1377262550,11152.71328,2081395,0,11970960176
173089105,3046.698126,1112338,0,532408024.6,6099.125315,4944344,0,5654605365
1378279974,4255.70439,1282967,5,1721326603,6767.22428,2036857,0,3964721471
1546130388,4421.679487,1282967,5,3109190483,6354.02381,2036857,0,7820057250
149480292,5037.303901,809637,4,1445918774,7326.983573,999845,0,2619263292
37891233,4711.372922,1282967,1,2496731343,8688.858274,2036857,0,6180319975
1208909684,3487.219139,1282967,1,1481681216,5491.558852,2036857,0,3487935970
2977064745,11014.07186,1282955,2,9848402426,17806.95808,2036851,0,25143839630
2291166992,4699.435337,698262,3,1390610118,7970.127505,708788,2,2447140008
831250927,3115.215347,1221773,3,582157451,7934.601293,4944562,0,9110299662
3318714389,3283.430143,864781,3,688162837.9,6507.766043,2324643,0,4300310973
2868634534,2904.822857,120181,22,101592252.4,5007.737143,285242,4,578929029.9
136009310,3302.124378,191481,10,138094223.8,5343.440299,277920,0,475190936.3
424620895,5455.928177,1282965,2,1877144653,8468.867403,2036850,0,4553159885
3073460186,1666,5197,158,2154894,3288.846154,36123,28,90033339.82
348953374,3774.418182,1283204,3,1663405046,5870.407273,2036860,0,4313249953
17833899,5821.716405,1283214,1,1968769785,13502.17635,3950068,0,15222443965
20473134,3150.285067,1441410,1,1037109803,5688.934967,2324664,0,3596442967
332892031,2096.43018,698587,2,392529952.7,2234.591592,277937,0,153768835.3
3246254913,1163,1163,1163,0,302,302,302,0
19619404,2577.029841,3108765,1,1122741110,5982.004586,4944920,0,7662090516
8.61267E+17,1408.25,4598,20,1934214.854,1448.583333,23394,4,15441321.47
1288909302,5923.549464,1283251,2,1714321067,7859.86174,2036895,0,3558260069
191111643,2279.008629,1283251,1,375237740.6,4437.376245,4945186,0,3178998343
3108037559,3176.8,13795,200,18065357.23,23997.2,277950,27,4731675468
1418358025,2850.470768,1283254,2,561065781.3,5339.74731,2324731,0,3195273655
580937850,8510.506977,1283261,2,2980362434,13108.40465,2036927,0,10681432976
2966536337,3488.870968,54245,247,88088019.92,15677.22581,285268,48,2798215387
2201888443,4505.384444,1283254,1,3677463348,6872.084444,2036929,1,9382605272
8.56796E+17,1735.115385,54014,2,12592264.41,7687.425339,1218137,0,3701981895
20034914,5778.038621,1544210,4,4052232484,13212.55103,8135177,0,50312487277
273453993,8521.835052,1283254,3,5062643106,12394.62887,2036929,0,10665986854
339725321,10626.74869,977802,2,3972329028,14348.07853,1038149,0,5765476755
20671658,3566.825401,1283261,1,1140428819,8960.977123,12774893,0,45823030095
873819098,2479.444194,1033829,1,422640929.7,6064.803737,4945381,0,6272161515
242943134,1965.301156,1704346,0,417807101.2,4371.534155,4945492,0,4121692614
19070691,6930.831325,1283251,2,3575502477,12628.91968,2036938,0,9903665974
1337725045,2516.882441,1283251,1,673579716.8,4497.327664,2036940,0,2284728233
611071191,3659.6292,1283251,4,2055582402,5636.771727,2036940,0,5264623595
97694385,2798.324382,1283251,3,883326577.7,7096.18618,2081545,0,5690319580
411442859,8839.396166,1283251,4,3401659886,13173.35304,2036940,0,8119315511
89307992,3530.766084,1033826,1,1079768699,10476.8432,10822451,0,33597348597
185183285,2444.265966,1283248,1,480153960.6,5852.654476,4945616,0,5737388922
460338359,4154.818304,1705922,1,1620349780,9633.639732,4945692,0,13494409551
499781930,2056.364737,1504088,1,304027651.6,4428.582357,4945755,0,3274270858
20995745,5551.748454,1283243,2,2344283479,8459.627835,2036949,0,5529832961
20856796,2298.641545,1725441,1,558009971.5,5588.566386,4949610,0,6321092157
415177091,1772.555556,20199,4,5861630.404,3875.019608,278308,0,515228101.2
64685665,4685.235642,1284341,2,1766038523,8802.331081,2037096,0,5345041926
208541506,3093.459877,224139,7,234863266.9,4926.848765,278312,0,540746112.1
389363219,12426.64984,1284341,3,7082917203,17160.09464,2037096,0,13009308216
304883852,4685.379012,1284341,3,1255925505,8081.02284,2037096,0,4019732489
80943076,2488.322797,3108536,1,1010357970,5827.338602,4949872,0,6702349204
130154450,3093.916475,1728502,1,907953626.3,7626.045734,4950014,0,9254195309
206116818,5270.394136,3108526,6,4511684409,8599.464311,4701364,0,12295372915
3129946881,1165.666667,5196,8,1608996.222,2936.238095,36119,1,60866055.32
54351001,2306.166466,987608,1,254108300.1,4768.748548,4950315,0,3609945564
823288302,4941.365508,1284319,5,2339313460,7489.144144,2037117,0,5723141874
189825312,12788.90639,1544165,1,10379873203,30929.379,8136057,0,1.61288E+11
97754308,6310.00716,1284319,4,4349692279,9764.78043,2037118,0,10618582867
49682880,2319.740125,1504075,1,367207672.5,4149.94103,4950476,0,2889742183
91319005,6091.801075,419716,3,1618017413,9975.021505,430378,0,2359721810
507419722,5202.630208,299781,9,771068999.4,7741.890625,300115,1,1249000938
114873829,2205.915464,149783,1,67624620.04,4149.83299,329442,0,466331616.9
2285755766,5207.206593,1284310,5,2066712281,7083.579121,2037114,0,4993862803
3144626321,3312.227983,1728754,4,1804325632,7781.225163,4349572,0,9109196959
210520756,2280.580175,124584,2,55968941.83,3092.962099,103484,0,114838359.8
22282116,4201.13481,3108499,2,4122197636,12692.12743,4950567,0,24742324019
29169821,2507.251744,1036609,1,322506373.9,4836.058994,2325791,0,2533993091
227023883,1893.340137,1728763,1,268077840.7,3179.925248,4950874,0,2444850491
3310977946,3945.883817,200695,18,324302376.5,5069.174274,212081,2,479455183.9
716853632,3738.518519,43603,20,68286216.92,5180.814815,41076,3,110930446.9
54515428,2917.395219,3108339,1,1359703410,7019.625489,4954652,0,8996229509
409331274,3872.062241,1285389,1,1462554284,7408.76994,2037271,0,4555515836
261782937,2516.873427,1751017,1,473558801.9,5942.159772,4954825,0,5685544407
59064380,4076.220167,1285380,1,1918167944,5838.147086,2037148,0,4384324643
248908429,4175.41843,1285380,1,1603792725,7871.578157,2037148,0,5149586049
14728535,16287.04206,1654653,1,8663337926,25651.88954,8136581,0,43064960868
20872901,4260.970079,1285380,3,2723708828,8764.769291,2731287,0,11978642168
261886643,2403.620518,1751032,1,551451035.8,5284.966777,4351313,0,4946485477
814984682,6602.313859,1285380,3,2396641138,12403.12455,2321939,0,9464766458
22151425,2217.528417,852632,2,438150563.1,2928.978863,831566,0,559047284.4
2463034337,7223.209699,1285378,19,2887764912,11978.99738,2037139,0,8847942295
2810564339,10547.70833,218922,15,1891469518,13831.875,262924,4,2751026665
19589280,2346.147889,1544074,1,666725243.3,6223.102418,8136596,0,11260594204
20544923,4544.52795,1285368,1,2482649116,7959.395031,2037147,0,8558220715
505727611,5128.868773,1285367,2,1702417013,6863.288163,2037147,0,3274273176
2845614496,6957.699422,1285764,15,3536063310,11267.18304,2037160,0,9132124951
2844255328,7246.34127,1285764,27,3713201247,10681.22817,2037160,0,9247262391
254967251,3005.251034,1285764,4,1281574232,4944.971057,2037160,0,2917159630
296312085,3146.644836,1285765,1,803437973.2,10147.42569,4955480,0,13575366975
101908343,4430.004187,1285765,6,1635045231,7507.368458,2037183,0,4594108255
90275968,11553.79167,1285765,4,4385768428,21593.56944,2037183,0,14700210663
2613019555,2620.16129,56307,1,52114608.14,9564.193548,286212,0,1458282822
15710574,4432.661739,1285764,2,1484679266,9766.491356,12782573,0,44670710082
706747004,1819.064119,1505409,1,272394456.4,3442.997178,5969571,0,3366635887
31184038,16538.52094,1857634,3,7231946348,39320.51671,55231757,0,6.33999E+11
23452598,2825.529807,1751006,1,632697580.4,7452.471185,4955785,0,8893579325
18189407,9323.586028,1654610,11,6568337021,24169.62096,3000829,0,34693125009
79018959,9649.69382,1285737,1,5914120035,22431.17416,2321973,0,29734000836
58821256,2972.497005,1118246,1,473299425,6117.647582,4955837,0,5355624155
3020182019,2311.288889,35863,14,16617881.23,5154.059259,278622,3,615773272.6
34230896,4175.986429,1285733,3,1328197611,8389.545537,2037215,0,4206564810
903985238,2374.19122,1038530,0,417969723.1,7815.320288,32722163,0,69433287268
19348143,4194.455167,1285732,1,1621959275,8517.920581,2037215,0,4631839381
14933304,2007.211094,3108211,1,562005944.6,5265.256253,12783004,0,10668688784
2718842805,5528.480392,1285722,6,4094540521,9025.585784,2037224,0,10566728707
102107018,2347.521668,1118213,1,321312454.2,6227.893813,4956206,0,5212007100
14561015,3302.090731,3108197,1,1805591168,8406.45596,6216245,0,14326339231
3083692505,3968.111765,102406,23,105176554.3,6233.417647,278659,0,616320009.2
14646302,9897.014245,1285711,4,7511807080,315478.2934,93189444,0,2.51E+13
85788653,4262.772484,1544043,0,885479307.6,6539.821701,8136307,0,8577657772
593840966,3182.735246,1285708,1,1358366050,5097.980509,2037206,0,3710744348
4873397897,2417.382716,36135,64,25270176.06,6209.728395,266573,1,915186562.9
388954439,2785.717738,1285708,1,643312858.3,8410.981933,4956440,0,10266283549
277954367,6248.273381,1285750,1,1991927426,9043.608313,2037209,0,4748142925
225911802,2225.809917,23272,27,11091744.22,3563.347107,64731,9,72052088.14
2990063051,1785.571429,12925,60,7201754.131,10459.97143,278662,2,2162098336
3063840999,729.8285714,5193,5,1701765.228,1274.971429,36113,0,36243554.71
55253731,2502.33835,3108176,1,1137157073,5581.582048,4956565,0,5845816653
68823404,5666.659091,760657,5,2034407113,8976.383523,768588,1,2648110740
108587399,2063.078663,1224290,0,306589727.3,5119.606683,4956652,0,5114029426
22482677,5428.483165,1285735,1,1396614708,9064.308841,2804148,0,5152287401
20202181,15303.22642,1285735,6,15436291974,25640.56604,2037206,0,39421642551
2337358057,8320.636964,1285735,6,3733446782,12704.82178,2037206,1,9151906197
15453062,4137.532902,1770826,1,1710303083,10224.36673,4956857,0,14071783052
608008015,4329.195199,1285733,2,1534174288,6245.939145,2037207,0,3093459468
21750720,4823.043436,1285733,3,2137489790,7486.53861,2037207,0,4924909088
2799590457,2774.314358,989254,1,897457378.2,5376.660658,2327296,0,4490528896
236588290,3266.19923,1285710,1,858627980.8,5805.699337,2037194,0,2704622726
32170194,5706.501859,1285710,1,1790055156,10813.80204,2037194,0,5572101493
1163395104,2711.126647,817235,1,478410119.6,8140.784773,4956954,0,10864117270
2887109993,8014.785489,1285710,1,5470732442,15851.5142,2037195,0,16883786534
148276510,8030.784553,1285710,5,3033313552,12569.83062,2037195,1,11187321974
92759618,3663.492941,3108136,1,2298404406,8012.160912,4700883,0,9448231901
347027822,5155.75775,1285711,7,2639615570,7067.510907,2037196,0,5728008392
21103192,1146.888889,5466,24,1525419.932,2677.111111,36112,1,59574777.88
21106082,3685.058765,1773999,1,1522585736,6948.710145,4351692,0,6486023663
108437760,27841.99326,1774002,4,12428896041,40290.73231,4351703,0,30773961191
3387244553,4149.930769,1452890,1,1969561341,6831.500321,2327400,0,6033135087
77981490,2189.895295,1493803,1,382713883.2,5255.158509,4957255,0,5608687042
1124992675,3186.664964,1119102,1,779301540.7,3623.891216,1150611,0,1221156249
56698209,5887.052069,1285702,3,2882749782,10292.83311,2037252,0,7529033445
421869658,3562.004307,1285702,6,2001155062,6153.745047,2037252,0,4737869817
333330899,3324.502929,817217,1,576876420.3,9403.212552,4957382,0,11590771102
102714733,3342.899688,1285702,1,1109389145,5649.208649,2037254,0,3411649884
320393536,4698.37754,1285702,4,2216730766,7032.207487,2037254,0,4993854308
80008925,11995.7088,1285702,5,5595594131,15410.90535,2037254,0,8691605207
2318830022,6461.273731,1285703,1,3959775046,9863.655629,2037253,0,9725414473
2999868527,2531.697159,817217,1,313653107,5463.229737,2327481,0,3231717234
605813631,2913.853211,1285703,4,1725986234,5194.184506,2037251,0,4533366308
72528291,3437.82547,1285703,4,959217863,6957.947499,2037254,0,4002513592
130092487,3044.519326,3108063,1,1504719315,6799.055312,4957406,0,8331589856
8.5798E+17,2066.83871,35892,11,22247544.23,2540.83871,64731,5,87659102.75
1513768532,3453.888889,1285704,1,1798026167,5040.367196,2037261,0,4555577542
393436815,2981.912269,868009,1,452644254.1,7157.962317,4957502,0,6178117143
20356313,3225.321165,3108058,1,1323031639,7634.303966,4957566,0,8374080103
74438921,5030.885742,1285696,1,1837811307,7064.001953,2037266,0,4482065159
167867714,3125.73342,1285697,1,646697778.9,6589.838091,2327590,0,4856876544
41901500,2592.601165,809365,1,361151274.9,6489.179637,4957652,0,6503708274
102023574,2697.385011,1285697,4,982281261.4,6011.133273,2083106,0,4503523838
38646514,7500.476974,1285697,9,5690647890,19734.64145,2083106,0,28462150305
23970391,6639.142045,1285697,3,4126500019,14976.89015,2037264,0,17493093409
3031080322,5261.108753,1285697,9,3681424518,9445.736074,2037264,0,8026730135
104647856,5054.231054,1285697,1,2178067001,9347.2939,2037264,0,7236696347
413349308,2020.10498,357136,2,190092752,2485.818304,356145,0,316512981.4
176721099,2819.273995,1285697,1,1024923550,5110.746103,2037264,0,3806367146
1426186200,3733.546713,1285694,2,973491597.1,5377.057785,2037260,0,3709707821
14146330,3425.981126,1786911,1,1095781947,8735.266527,4957754,0,10689257986
92935875,4286.947262,698108,6,1384975739,9267.229209,681855,0,2976927745
581092711,5438.336523,1285694,3,2973432042,7784.342903,2037260,0,7325756437
20549706,8148.315556,344206,6,1253478026,12628.70222,532335,0,2424972667
24211594,1451.469481,1224260,1,168720120.3,3079.704559,4957862,0,2197249887
3064448967,2685.480769,132078,24,117238690.1,5152.74359,278815,2,682412582.1
2285016715,5215.206983,1285722,8,4127976543,8600.301746,2037240,0,10390974515
1722829178,2496.193778,1285882,0,588301163.4,4673.544533,2037240,0,2020255713
388835030,3957.003289,1285887,9,2731439729,6206.822368,2037240,0,7044257684
231859658,7619.099174,395693,1,2299817559,8585.057851,421663,0,2499445250
1140991255,1414,6400,5,2395746.4,2175.371429,36110,4,38657945.2
130280613,3993.958509,1786930,0,1713238193,7972.027194,4352277,0,9809580392
312171721,5951.276796,1286374,6,1570138492,9000.140165,2037262,0,4833295970
1285675952,6325.08377,1286374,13,3203665842,11527.30236,2037262,0,12242869130
42957060,2399.875056,1286373,1,864484522.9,4375.322508,2037264,0,2858829423
2773633017,1455.803922,13800,11,6105716.55,3401.607843,43608,4,85822458.71
1284146730,1803.92234,990087,1,214718946.4,3567.510955,4958656,0,2749046227
21772748,8293.271207,1287212,3,2780762504,12528.03775,2037325,0,6370967877
2938302634,6443.937238,1287212,1,2893201659,10280.73389,2037325,0,8712373882
169864622,2117.258084,1789837,1,303119246.9,4168.12539,4958930,0,3157873288
18904746,7490.291667,1287205,3,2406282459,140546.1283,93498365,0,9.63E+12
95172754,2586.887355,310301,6,170464039.4,4473.885901,730187,0,1291749673
1474229671,4609.088968,1287229,1,1550848206,6979.784443,2037328,0,4090911820
3121077171,1559.222222,5190,152,1943732.395,4207.555556,36106,18,127242728.2
94328904,3123.69304,1287216,2,1163128744,4135.535804,2037321,0,2516581346
27623517,5272.156835,1505908,5,3171503069,9123.801498,2037326,0,5998761375
315283542,3642.098677,1041285,3,789684395.8,11000.84177,4959259,0,13004177349
8.32076E+17,532,544,520,144,350,490,210,19600
2863863873,6765.488411,1287215,7,4110056128,10107.72517,2037326,0,10177186543
233850791,6745.65,431740,3,1376377684,13227.78182,998449,5,5990836173
300872531,2875.250687,1419841,1,490550744.8,5046.678485,4959345,0,3508647024
50484443,5005.822674,1287208,5,2713875871,9596.851744,2037322,0,10520080981
18096679,2121.33266,3107862,1,557693820.1,9987.89994,93554215,0,2.55438E+11
499815128,8989.660287,1287201,4,7929429033,13348.16746,2037332,0,19852961404
21736214,2722.679245,1287201,1,435304161.5,7048.511611,4959761,0,6863312063
989710268,3386.575286,1804952,1,1616321315,9879.624821,8138168,0,24480424778
1374483169,4606.745614,202973,23,379899491,7739.701754,278999,3,1096438202
102489183,4396.486428,1287201,3,1262077144,6026.341232,2037334,0,3073100440
81585046,5603.314583,1287201,0,2221671795,8087.748958,2037335,0,5146100612
49035545,3753.17735,1506142,1,1793047168,7767.634972,2083491,0,5066382139
3084014189,1959.210084,35936,9,16975098.35,4959.243697,279003,9,674494605.3
208183257,3346.020877,1287201,1,1878089150,6031.755741,2037333,0,4915166086
88974929,1714.950916,1506145,1,481779931.1,3637.372256,4960031,0,3519174104
2978836401,15205.54746,1287197,9,5790715473,22723.01325,2037323,0,18374607522
18773575,12033.36963,1374724,1,10582198559,19631.97135,2037323,0,21463668939
200700960,2632.071241,1043039,0,343033508.9,5797.10119,4963070,0,4971175133
60738400,3012.514911,3106165,0,1806837796,7127.646514,4963142,0,10585401710
56959989,2001.222083,1286903,0,592549229.3,3179.123936,2037199,0,1509817317
24781358,10785.29986,1286903,1,3964529324,17350.20014,2037199,0,10053437484
255998767,3587.846995,3106156,0,2146858630,7520.741068,4963274,0,9928010933
135783875,4355.543786,1286903,0,1189234285,7609.038313,2037201,0,3918577631
522547847,6330.335468,1649793,0,5456865672,9695.028823,3000046,0,13571600190
1513382018,2701.973186,1286899,0,572217775.2,4797.426943,2037194,0,1823753338
829315062,4031.039621,1286899,0,1272192002,6026.64914,2037197,0,2816407161
385936104,3995.647887,3106148,0,2153031884,9036.166647,8138523,0,17301971645
203651911,5497.020906,1286898,0,2725580554,11835.63647,2037197,0,8006718103
871469846,2937.583452,1851104,0,1064927822,5702.129173,4963419,0,6600358466
940030070,3857.203552,1286900,0,2275274536,7865.364754,2037190,0,6643559265
14201606,2495.529274,275173,0,191102738.6,10199.85948,2084089,0,10834549001
446633079,3023.503404,1507294,0,812517195.1,5723.751489,2329503,0,3507101707
585743498,4501.267857,258723,0,422410172.5,7029.871429,332082,0,1088305884
219330249,3022.407946,1286900,0,962856751.3,7143.312257,4963501,0,8152178346
104794598,5853.057269,1286900,1,4694923833,8528.436123,2037184,0,10301928013
515924789,3836.413973,1286900,0,1758195062,6583.460897,2037184,0,5024014108
14104027,2336.653019,3106109,0,449967208.5,4090.588923,8153407,0,3346837560
376161322,2318.975579,1507905,0,337818407.6,4678.626018,4963963,0,3697011158
2353225063,7686.71365,1286892,1,3866341289,16406.60534,3284620,0,24357121448
2387790774,4205.404482,1455908,0,1882327243,6552.325151,2329768,0,4920503278
2834261849,9969.497076,1286892,7,9685934133,16183.69591,2037164,1,24607526259
370144551,6858.4,1286892,0,5206896377,18411.91692,2323398,2,29610375226
1347440538,8072.991632,1286892,0,7068782139,12850.18828,2037163,2,17798818511
14190551,1282.281747,3105998,0,164769184.3,3029.659591,71925702,0,25876354242
393381438,8692.306723,1286818,16,7000125355,13485.27731,2037093,2,17796403318
173421592,1809.840084,698014,0,147899481.6,3907.189246,1483574,0,975780904.4
576628775,4773.044769,1286818,0,1413394882,7589.94757,2037091,0,3547821027
2864747789,10065.92937,1286818,3,6743136125,14860.7026,2037091,0,16889803846
1478483473,3230.210057,1045857,0,717642714.6,6498.381285,2330267,0,3807432210
110767433,3432.66842,1872125,0,1163695460,8634.630015,4965850,0,11155111881
97943956,5849.754795,856819,1,1789050689,10830.15616,1696609,0,7254518554
39261691,4949.787533,1286811,1,1947503862,14125.16857,8166165,0,62983096873
19825835,2192.019103,1512006,0,435207311.6,5479.065417,9507438,0,6349302216
1142344064,4645.648148,432548,19,1161215622,6575.75463,420345,0,1490752677
534638392,4588.157022,1286806,0,1559581484,6422.278052,2037069,0,3747786412
19177609,2873.364287,3105958,0,1319616283,6463.038794,4966164,0,7260822097
1074522702,9872.074022,1286836,0,2913472544,11884.92247,2037068,0,4917682360
298396806,1303.564103,5189,56,1652323.938,2004.897436,36096,9,40911998.86
142776016,3209.31334,1286836,0,1772101228,5113.710445,2037068,0,4576114673
259215762,2468.796953,809029,0,287507863.2,5952.502782,3450519,0,4388531609
1871982156,3623.199856,1286825,0,1486672872,4968.916607,2037059,0,3459892035
375563416,4736.491379,73513,5,108067076.3,10895.41379,776288,1,2901288246
2359940569,3883.112069,299572,25,366298922.8,5532.25,335193,2,734917463.2
50295612,3750.162791,319936,1,323757434.9,6745.659252,798691,0,1414090972
158315486,7547.283366,3105900,0,1760267730,10961.66118,5974188,0,5565660570
610292263,22011.97196,1675455,0,22190863046,33912.5109,3239785,0,61179597016
3079742145,4372.119154,602827,0,463348679.2,5978.633073,1085071,0,1487528213
94701778,1928.259544,1884904,0,278012223.9,3828.54251,9555848,0,5042283817
47916280,2462.665036,855541,0,434181798.8,6805.051368,4967335,0,7505811171
180918327,3977.468927,1286797,0,2473209740,7182.433616,2037048,0,6909499047
131984305,4643.639233,1286797,0,1413684379,7463.073512,2037049,0,3900490409
11564602,2409.331317,3105873,0,1554363622,7352.610861,4967388,0,12092583230
717004668,1238.290323,5274,14,1818167.088,1174.924731,37845,1,15697262.8
1897390027,2182.449343,276070,0,120487732.7,3677.991557,645282,0,700461290.9
22031058,2127.441542,809018,0,242592783.5,6651.448126,4967399,0,7907172267
2319613536,9255.794677,1286797,0,4824814637,16177.44867,2037046,0,16309241895
366749313,7209.167513,1286797,0,4341952466,9350.852792,2037046,0,8678874089
84166748,2885.267399,163678,0,112961546.1,26456.3956,2783705,0,45086727431
21713090,2198.438904,856745,0,206474812.3,5589.394862,8180265,0,8904254942
1464467370,3292.260986,1891438,0,1258332308,6526.302495,4359721,0,6548561565
7.615E+17,1663.584983,734090,0,215101201.5,2744.769518,1250649,0,787303571.8
957412446,4418.529537,1286765,0,841412548.3,6030.506185,2176053,0,3169744615
123828557,3612.341965,1286765,0,1446727148,5051.12749,2037026,0,3495773751
2787943494,1884.589134,133415,0,41174973.37,3852.458404,205857,0,289531753.6
14631622,4724.464176,1286741,0,1858659853,8128.100659,2036962,0,5045538814
524341240,11554.81152,1286741,3,9402280974,16301.31414,2036962,0,22470614527
2787943494,1888.033898,133415,1,41113319.09,3846.99661,205867,0,289105366
1204168843,1764.25,23212,0,10585314.29,2316.053571,36087,3,35234106.62
20161694,10610.03299,1376723,0,4830684025,15965.56378,2036963,0,11312922679
32364630,5037.393162,1286741,0,2928067651,8415.728205,2036963,0,7481766051
2483456906,8626.618506,1286741,0,4734742356,13949.18506,2036963,0,13832163790
2490452258,2744.540741,104855,21,85500469.37,4023.348148,288334,1,419045953.7
93880122,1537.140021,1286809,0,212820908.7,3337.808166,4969119,0,3507426232
2490452258,2744.974074,104859,21,85527525.87,4023.77037,288359,1,419114447.8
32965648,2598.958765,1923502,0,786402863.5,6150.51432,8140593,0,8668231428
25091518,2616.798316,1286801,0,394923061.8,6844.795409,11874383,0,13783854676
865109210,10641.69478,1286801,0,5333497591,13807.97189,2037002,0,10791029934
2364208508,3709.281638,1513317,0,1382950217,7321.066949,2331967,0,5003809051
258834854,2929.932777,1286801,0,1002756986,10674.63101,4969357,0,17588421841
3084868485,2837.8125,36131,14,41604268.15,11870.59375,279885,9,2398211993
391162297,2712.032,1286801,0,1109109063,4735.491,2037010,0,2979936691
1978270322,2087.325581,994062,0,287414034.6,4825.879676,4969368,0,5037466961
580947925,3510.106383,1049612,0,739315385.4,7392.046844,2332048,0,4437869742
2561204678,1182.590909,5189,8,2024207.514,2662.545455,36082,0,57452283.34
331178901,2684.348914,1049613,0,380215624.2,5499.88756,4969460,0,4472807911
16667402,3383.568261,1286799,0,1168912160,6397.098794,2085485,0,4468854267
110405901,1924.56768,372472,0,99873143.96,9134.407275,4969459,0,16874406255
478839833,3135.243972,305998,0,322643580.9,4749.859574,850317,0,1382538433
115887294,3305.732263,1286794,0,887118608,4629.557526,2037004,0,2613088188
121762421,2825.951749,1122599,0,605404180,6861.571986,4969510,0,6622905786
15157283,2500.491957,3105594,0,917819203.1,5609.111776,5339554,0,7048674515
8.30375E+17,9240.731156,763567,0,2420362184,9574.183417,773424,1,2700836994
400239134,2903.31565,1286787,0,1104675122,3824.113528,2036990,0,2689566220
131151891,10029.26855,1286787,0,5438609027,12969.07067,2036990,0,10266162169
20226550,3339.570973,3105583,0,1676756424,7320.442913,4969612,0,9781917574
2196660992,7928.605505,1286786,0,6525812656,11045.68196,2036992,1,14210624005
21406457,5974.072344,1286786,0,2277938497,15819.81537,8198478,0,56909053802
143405324,2692.315097,766503,0,394150053.3,7154.377877,2332282,0,3733367453
125783222,4188.737118,1286783,0,1383456094,9048.671279,4716043,0,14019545465
2786796467,10954.9631,1132446,12,5273843992,13329.46679,1148508,0,6263627933
71777646,2683.515782,2001278,0,899769254,7374.098776,4972045,0,12284356524
1655569938,2482.055858,995362,0,364569924.4,4537.352426,2333497,0,2477502393
1354610803,3423.157058,1286698,0,929136104.5,9031.260239,4972114,0,10784489123
3002815731,1969.684211,5186,141,2452246.006,3667.684211,36078,12,62948866.43
826791824,4430.697861,324086,3,539498453.1,6165.363636,337268,0,857760894.3
2911584543,4289.677108,395747,3,523303572.5,5144.46506,419916,1,795997684.3
397123127,2886.164384,207852,13,147793618.6,4064.202055,288829,1,350383077.8
35795737,3712.345477,698197,1,861812566.6,15388.6407,3815018,0,25761779202
225857392,2447.320909,995352,0,287034509.6,4894.41048,4972216,0,3695901757
2863905923,4866.062577,1286704,5,2433362960,7186.265031,2036859,0,6307869154
20124345,3409.12368,419497,4,609965966.7,7172.61991,694222,0,2199924786
430299812,6133.574394,1286704,3,2400872469,9206.254902,2036859,0,6209620672
116855481,5587.984522,2001452,3,4585159816,9264.589118,4376826,0,15840850775
91786287,2262.73435,3105249,1,1245560894,5134.721878,4972295,0,6692926163
3084691864,8447.086022,1286697,7,8835461677,13073.05914,2036857,1,22161618530
3039502624,9871.660714,1286697,20,3487572194,15125.11126,2036857,0,8496376740
478891321,15811.3956,1286697,7,17950404683,32341.16484,2036857,0,50318679396
237700394,2101.788982,2001484,0,564936627.6,5705.586462,4972414,0,6330816745
865128397,14930.46117,1783576,0,9259705404,20916.82039,3238333,0,22696104755
112814041,6724.780822,1286687,0,5660038226,20718.61301,2086259,0,29416911221
3034417965,1738.4,8690,68,3904893.76,5861.8,51221,3,207816126.2
60585651,2314.828554,3105237,0,1010050986,5504.484408,4972501,0,6274932336
76948062,3398.166667,1286687,0,1746635541,6243.521875,2036856,0,4814323664
23424533,3843.711081,1934265,0,1951126636,6252.594004,3235263,0,5053039318
3094724475,11070.84337,1286690,40,10112034758,15873.21687,2036848,1,24992107815
2982284249,6593.892857,39542,947,85801465.24,8323.714286,152157,23,861330071.1
508707905,10635.75383,2001518,0,7871929044,17325.34511,4377067,0,30608312980
2342164885,4852.003989,1286690,0,1560459620,8503.216524,2036846,0,4325347111
1693194818,1668.015873,13869,15,5489264.841,3152.190476,36078,5,45843780.63
131517399,2202.249914,3105225,0,993841879.7,4753.236343,4972622,0,5574169235
245745762,3183.729763,2001883,0,869287501.6,6852.448787,4972793,0,7382290755
952479564,10341.0931,1286680,1,6413034081,17822.23448,2036841,1,17729651346
131926473,1554.539785,1223683,0,195967661.3,4236.533267,4972868,0,3237013657
854540888,2491.09633,110930,3,66329803.95,4859.591743,280093,1,491162438.6
633066595,5609.797343,1374948,0,2182644441,9813.556357,2036823,0,5813283547
16734751,7611.717979,1543081,0,1547987402,10901.92407,8141912,0,12905758772
118984824,1954.77409,3105159,0,922023286.6,3893.020498,4698390,0,3361062338
1093249464,4908.062245,1286614,0,1676145209,7423.568935,2036810,0,4301367681
97402576,2104.659621,1223666,0,452135011.4,3222.293422,2333917,0,1513493720
20589545,2538.212163,547955,0,226356169.4,7530.044646,4973222,0,7961430665
399365200,3199.61948,3105121,0,1519385011,6697.410442,4973348,0,8036697679
359286637,2985.511628,65944,25,97025802.02,3846.465116,68432,4,135532467.8
23769106,3730.290111,464466,0,388968565.4,4833.967256,525113,0,752845764.4
388299335,1752.662489,2017427,0,247217286.4,3194.116838,4973601,0,2699327906
2905361153,1358.984848,11046,5,3549607.5,2835.227273,77159,0,112309929.7
2202981242,4291.055492,1286564,0,1356625144,8384.79816,2334053,0,5937357190
21235736,8201.128262,1651771,0,3945840153,12760.67824,2998896,0,10177619549
858023803,2336.36672,697872,0,251269424.8,6089.385331,4973739,0,5785801870
2376645298,5002.36965,1286559,0,1628146725,6878.551751,2036813,0,3825960423
323809872,4029.507549,1286559,0,1371696701,5736.121495,2036819,0,2680717185
2706402844,4489.507973,1286559,5,3758292679,6139.482916,2036819,0,9426528571
2749253150,2205.560311,97179,0,56756521.92,3034.400778,280123,0,305300665.4
142991619,8811.855505,1286559,1,3817502814,12663.56307,2036819,0,7397649176
20225578,3015.267007,2017493,0,1093267003,7165.164966,4378261,0,8464968041
521246647,2406.783099,1286558,0,1183977958,3435.709155,2036820,0,3029340690
810372954,2017.061329,2017504,0,503557131.4,3982.593167,4974059,0,3601729291
962193667,4385.213896,1286552,1,2940239755,7166.119891,2036815,0,7104235108
179278869,1459.990654,13795,31,5340530.047,4346.28972,277902,0,740890576.7
2209331701,5162.2125,1282967,13,2458985327,10010.37344,2036857,0,5805773959
20424362,2721.384348,3108777,1,1286496495,5531.319845,4944517,0,6520359139
502115759,3856.673534,1282965,6,2630984424,5873.957211,2036852,0,6718765811
29429535,6053.544757,1283214,1,2014595352,13154.37596,2036880,0,8566104791
932446861,1585.714348,1699796,1,224952126.8,4187.374725,25795518,0,14854116619
89653453,12223.84559,1283261,42,12261777165,23985.23529,2036927,5,34336148250
3046364783,15789.83237,1448140,14,12418689754,20677.45954,2036929,0,19770694442
105876726,6429.428094,1283261,2,4205182986,10064.72074,2036927,0,9800817590
216516145,2563.200278,1033829,1,791248982.4,5118.167362,1427702,0,2349183121
34244239,2973.260406,3108719,1,1832317283,7463.115478,8135160,0,15353739994
28568666,2918.279159,1033826,3,824477902.7,6063.776291,1065808,0,1749256835
486105713,3766.424025,1283256,1,1005852285,5794.70858,2036930,0,2570698198
2880093051,7105.78125,1283256,4,6442853538,11242.48438,2036932,0,16460701987
1731554581,2488.293241,1033825,0,535333471.3,5026.145001,2324794,0,3150916985
2391791419,3936.53862,1283251,5,1747201831,6793.260556,2036937,0,5866420317
241279770,4069.315368,1544206,1,2482577201,10955.83511,8135188,0,39524338042
2317393614,4540.124826,1705696,1,2237047532,9027.104765,4347499,0,10928579322
114521927,1371.822222,12929,2,4478157.88,31683.52222,2081532,5,48613814996
846658374,1221.310345,13795,1,5523816.352,2558.017241,36122,2,50938732.5
20995648,1719.019269,1705907,1,219310595.2,3508.086052,6003299,0,3263072141
277712488,4154.401392,685261,4,1234673679,17504.80974,5949765,0,82236938324
121070777,1638.902985,67973,4,35247651.65,2100.171642,71267,0,57999102.37
2818248860,6185.361842,1283243,5,5406014163,8853.138158,2036953,0,13628159703
24246234,2066.685775,290773,1,133410791.5,2730.868365,346230,0,313695583
495068194,2542.010381,1283243,1,1429021373,4531.987024,2036956,0,3718566728
18938102,4379.898709,1283229,1,1545687334,56216.49305,92857399,0,4.29E+12
317366767,7876.968153,1283229,1,4051479279,23677.35541,8055289,0,93588770149
9226332,6493.83557,732805,6,3421101278,11819.63758,1988622,1,14995415997
3053661383,2232.764706,12928,78,8509549.474,7982.176471,278142,9,1494401229
36023636,4264.162738,1429321,0,1462199018,8277.739338,3107357,0,6050549570
218789670,3409.899505,765175,3,620218493.4,7592.514779,3674144,0,6687673490
124170781,3459.254558,3108610,1,1662437838,7921.033618,4947353,0,9003309032
20975514,5412.575276,1283288,6,1925957538,10006.60773,2036960,0,5819381419
8.56E+17,4972.216867,144963,90,271722036.8,5145.192771,177136,11,399890515.4
20132840,2486.866822,562061,1,212927932.1,7473.680502,4947505,0,8421409168
209029473,2854.784493,3108585,1,1582136234,6841.798936,4947570,0,8797138178
175786071,3502.973729,1283976,5,1239251210,5983.64249,2036979,0,3704072225
2712056178,22053.61,1283980,8,20915756822,31139.58,2036979,2,45433998043
117783032,1692.807598,3108585,1,742223005.9,3833.53324,4947621,0,5260032371
131501423,6263.097242,1284171,12,2955713088,8927.969521,2037025,0,6986421244
217148014,2139.549032,631055,1,234352975.2,4881.469227,4947759,0,4336874773
24444965,1889.949197,3108592,1,491697052.9,4905.333762,7053811,0,6998261042
2757416225,4147.625989,1711767,2,2351241600,10253.803,4347907,0,13803105017
2976443571,14437.48246,1284159,14,14309218910,23927.40351,2037053,0,36642524923
798082350,7666.431818,387014,25,1924321813,10582.625,432731,1,3006764497
1699862954,4484.672527,1284159,1,3623122165,8446.892308,2037058,0,9343746836
52412027,3391.990593,1284159,1,887180095.4,9493.0381,4948129,0,12620334950
566725137,10013.12555,1650481,10,4932726286,16175.44074,3001202,0,14195852203
5014281,5145.750467,3108575,3,3865964697,7622.011997,4701479,0,8797698300
144929619,2270.079374,1504061,1,560900277.9,5607.068791,5328010,0,5739461121
2653613168,1504.581779,1711776,1,182796930,3273.892097,5328286,0,2900385998
27854792,10898.66775,1284367,8,5728180808,168381.2508,92882744,0,1.40E+13
8.54E+17,3397.245902,71739,34,75546630.2,3486.795082,96673,3,132853931.7
1072226575,2807.983182,1284359,1,1161059970,4183.021992,2037076,0,2893235941
260961637,4699.725293,1284359,4,2895959106,7090.887772,2037077,1,7342280805
114704539,2063.950223,1006980,1,291298470.5,6048.941818,4949117,0,6180378046
93973735,6662.255484,1284359,3,2689816240,10448.61677,2037083,0,7057349522
1129434462,21446.53505,1856682,3,14166695061,30443.91589,2690112,0,26909474719
930599510,8795.18543,1284359,1,6213264820,12899.50331,2037083,0,14597482556
368570637,4634.115512,438460,2,1214250109,7628.947195,434484,0,2042887890
385306338,1682.786035,1719551,1,353472452.1,3154.355074,11563718,0,6996410601
2660682985,1491.736842,16520,11,3788304.329,2416.766917,69761,0,59313051.47
1235025320,5172.528571,1284357,3,3135347948,7306.364286,2037092,0,7666678539
36664451,2414.415597,3108532,1,949363538.9,5942.504222,4949702,0,6670254190
41437799,22454.25361,1655336,3,6611941047,30507.48019,6214135,0,20319763305
377025081,4233.473048,1284340,1,1773562270,6455.38197,2037100,0,4296705439
93860818,2242.598675,1284329,1,380454605.2,5295.900373,4949930,0,4583560400
67323615,6120.027073,1284329,1,3183615045,8599.010152,2037095,0,7577934536
14871717,6183.271318,1284329,1,1774420130,12156.5723,2804384,0,9420153109
270926830,3293.357682,1284329,1,635413973.9,7054.446285,4950120,0,7559872284
1049297821,9196.296928,1284323,3,4192959558,11769.92833,2037110,0,8750936128
120720108,2849.414471,1728745,1,704949352.8,6631.511043,4950248,0,7440451250
35726688,3489.997473,432683,4,566105363.9,7499.176074,2082060,0,4601995538
3369594003,9069.891667,1449955,3,5530276465,19150.34924,2325690,0,17926119806
19547250,3726.42203,1284324,4,2070695373,6666.77104,2037108,0,5543692023
202174004,1675.349684,95349,5,27318835.27,2176.950949,278353,0,173240493.9
12790962,9447.151739,1284319,1,2676139759,51126.39933,92917969,0,3.20E+12
734691420,8330.236928,1728741,7,5066842987,14060.80229,4349441,0,22312973936
3001662514,3694.638889,698228,1,570288552.1,9813.501916,2325697,0,7369540669
377319290,2515.80829,1728749,1,547920143.6,5713.969803,4950400,0,6044479063
5744902,7258.149354,1284319,2,2917349294,11156.5168,2037121,0,8334363257
451167778,5138.916667,359953,12,1028253053,7885.75,690013,0,3243992914
15010349,1048.919956,3108414,0,100082306.7,1877.170242,19831030,0,3462898850
17833723,2879.014006,1544114,1,1203298836,5724.905411,8136240,0,14418271360
267746340,2412.71987,77666,3,43334273.84,3740.928339,286026,0,343310253.7
143508762,2238.380875,1743383,2,359978748.3,4600.042944,4350764,0,3095055991
66207191,3034.787692,1285439,1,951757713.7,5913.704615,2037289,0,2981243761
154943205,3569.372998,3108366,0,2024562678,7438.836369,4953759,0,10048412516
125312818,2394.011547,3108374,1,877063567.6,4938.675013,4953958,0,5169930348
4725922335,5586.909091,88325,95,327988928.3,4968.454545,103885,0,466062795.3
3389082197,5664.178571,60922,44,179220302.9,34953.10714,782904,0,21394731542
764003293,5798.431034,1285433,7,2947619686,8952.04232,2037281,1,7487147760
101747500,6011.621277,1285433,4,2710967572,16046.6883,5957297,0,47332474313
2234565187,1938.781818,16463,32,9260224.752,4028.945455,38538,0,88985975
67730777,5772.816777,1285433,12,3678790750,10454.20971,2037282,1,10552626892
728039018,3446.263461,1743400,1,1108218516,9148.308353,4954120,0,12538996626
2862761707,7927.99422,1285412,1,5112509516,13724.47399,2037270,0,12906874176
79974944,2644.906013,1037607,1,454514762.7,7759.536835,4954223,0,7506843159
18020279,2495.838983,156887,1,128085051.1,17241.17797,2082508,1,23312650772
595553662,4518.05419,1185772,1,1338932158,9763.405318,4954289,0,10492057344
1271714653,3974.173923,1747008,1,2161064738,7272.785597,4351052,0,8680336809
164208335,7006.72283,1451784,1,2041989032,10239.52513,3233338,0,6132518158
3107573098,19948.58571,1285397,43,23212035053,31494.8,2037269,0,58342417420
105504412,22930.32584,1285397,33,19853138023,37723.48315,2037269,4,48839445039
31230434,6078.148052,1285397,4,2461373475,9619.697403,2037267,0,6022238956
252667796,1875.010101,44278,11,23958979.67,5260.939394,278581,1,818366735.7
96752049,4111.97552,1285390,1,2148357666,6223.057528,2037269,0,5362790444
140024858,12751.47521,1285380,25,6107122014,16521.43761,2037148,2,11723374947
737066858,3410.179701,3108312,1,1519647341,7527.670103,4955016,0,8502353279
416356558,1639.274827,56281,2,11011015.35,2770.923788,286165,0,227820416.6
802905470,1836.693878,20418,4,14295523.89,6603.571429,237002,3,1138047698
368314502,2290.664791,852647,1,292786161,5805.458115,4955095,0,5931121053
268447012,4862.294514,1285380,1,1293090633,8112.710298,2771502,0,5703770060
2776689260,3875.972833,1751010,1,1401608106,8701.877748,4351328,0,11675736857
2676254771,7250.483709,1285368,4,4595820443,11344.30827,2037144,0,11357080476
2792712172,5734.997984,1285764,8,3519794968,11134.97177,2037160,0,10461800772
14284260,3192.122288,3108241,1,1435290796,13125.30788,93170924,0,6.23E+11
301532091,1763.832536,35863,2,10755061.87,3910.870813,278611,0,426201924.5
185790986,4114.901734,3108241,1,2582368714,6629.712847,4701032,0,6855552883
16612229,3600.005782,1285733,1,1317294132,37926.00353,93172870,0,2.79E+12
2281286143,8968.982222,1285733,15,7857960423,15939.83556,2037215,1,19864101692
90646214,3021.428725,3108225,1,1284381348,6172.773885,4955923,0,7115911743
197850470,6135.252899,1417724,1,2007282603,8319.074115,2037216,0,3798630541
370937104,20306.61243,1285732,3,11910329923,29379.35207,2037217,0,23605339479
2230539338,2289.387057,988423,0,379018144.1,6057.013266,4956059,0,5971122178
90917325,8925.531317,1285732,4,5033618316,23203.11879,2780684,0,36435299365
77579700,2313.751592,149191,5,105987076.2,7378.920382,796690,1,2563587909
394638872,8691.248872,1285732,1,2537206609,11893.12632,2037216,0,6160373500
65357102,1842.067328,1505357,1,276194087,3762.755716,4956203,0,2449123514
112398730,1251.886573,3108087,0,241496532.3,2836.25211,12783916,0,5389689945
2792712172,5735.987903,1285697,8,3519653557,11136.1371,2037261,0,10462539899
2792712172,5739.467742,1287240,8,3527634432,11136.79435,2037308,0,10462868608
68444494,1772.30303,57480,22,28747334.04,5076.962121,250527,0,619933240.5
759067032,3700.133098,1807661,1,1309429910,8682.310155,4960843,0,11550795040
3053609033,9579.984848,1287407,6,5762444365,17341.68788,2037310,0,22380103053
75562171,3221.458358,1287407,1,911323861.4,5800.920792,2037308,0,2834929527
290745061,5394.829369,1287407,2,2478907999,7948.420889,2037308,0,5419270862
389443487,1862.935313,1287407,3,332300789.6,5308.93207,4960919,0,6343497036
415397750,40669.63636,1287390,23,48578334133,63978.60606,2037310,6,1.22E+11
20056279,7288.580526,1303889,1,2575570785,9496.515365,2083709,0,4800450551
2902135256,2414.516717,299635,3,166047348.3,4140.414894,300050,0,392432347.4
616277319,3239.715318,1506127,1,1027487913,7226.131497,4961083,0,8329535029
1395516325,4309.371616,1287374,3,1534047999,7768.683347,2037294,0,4695384808
2335638732,5701.229126,1287374,9,3545525950,8296.219417,2037294,0,8580947386
4600701923,1437.705882,4977,175,2110179.972,513.3529412,3777,1,775493.7578
558522066,5955,1287374,19,4588684223,9816.43,2037294,0,11325548611
8.60E+17,1274.469027,10815,14,2807742.886,3038.823009,269476,2,635460163.5
87699206,4077.703764,1287374,1,1873749075,7933.801146,2083733,0,7784384334
21174263,3534.789157,1454783,1,1540007718,8612.8499,6820275,0,17295850424
1072356338,6542.070915,1287374,3,2045530409,9401.583613,2037295,0,4354137481
2986235404,2141.927589,299608,0,114211700.6,4168.296162,698802,0,679658417.4
36158689,3012.361712,1847929,0,814257338.9,6657.0731,4355920,0,5515497276
2986235404,2141.521361,299606,0,114212066.9,4168.390297,698800,0,679661773.6
2350948635,3069.774366,1506426,0,717250480.7,6221.031334,2329430,0,4353147065
587727856,7388.587342,1286987,1,4463633919,11814.25316,2037244,0,12317704218
3252801106,5479.630321,1850232,0,4600970343,13236.64227,4356137,0,23385547313
417975170,2733.049521,856047,0,446834305.1,6394.079732,4963142,0,6223743423
104799470,8971.136727,1286987,0,3993258171,13243.83733,2037245,0,7510279307
31378471,18231.17086,1851036,0,9789814555,29769.39735,4356235,0,36749642387
2988142990,4222.810606,299604,1,675157379.3,6034.045455,300022,1,775973497
397160160,3247.558953,1506409,0,959633657.6,8494.788169,4963225,0,9917600862
479530757,6288.020369,1506409,0,4537216285,12282.26285,4118075,0,24139185882
205319795,2030.738462,16491,9,6422414.916,4866.884615,279365,0,628396606.5
558445037,3202.768994,1851048,0,909250763.4,7685.056922,4963235,0,9532207112
57057518,3137.792071,1543448,0,1042442528,5455.896671,8138510,0,10164456668
18449366,1112.284946,13799,0,2856688.107,2794.532258,279375,0,428658934.6
143739561,3331.175662,1851078,0,868379126.4,6994.684291,4963363,0,7124645407
2159222343,8411.481865,1286898,21,8536261496,13790.80829,2037196,4,21797408567
78291335,8720.612403,1286898,6,6678026743,13651.0814,2037196,1,16743235589
1659383023,14852.37749,1841457,0,9976621105,21715.67994,3240261,1,23718003341
133236916,1680.861057,1851106,0,263337972.1,3468.197567,4963547,0,2696384866
385415292,1850.39604,104794,2,34835836.27,2904.230198,298673,0,280884447.8
20428671,2460.098668,1507877,0,561646991.5,5148.988284,2329593,0,3289724907
4418225835,1242.588235,4546,0,1573474.242,893.1764706,5264,6,2333377.322
168592013,2935.615346,1286898,0,750273620.9,7707.300584,4963686,0,8401350833
212229592,6494.712856,1286898,0,1356003253,8497.460799,2037177,0,2866722108
100520303,2675.958601,1286898,0,850297679,7529.942566,4963713,0,10879569616
19817922,3886.451499,1286898,0,2978095525,7779.506173,2037173,0,9995414344
121192398,5293.337313,1286898,0,2625835203,13862.91045,2084161,0,17152056829
70796349,2704.85785,3106100,0,1196132685,6260.857223,4963778,0,6624588807
1386916794,4355.121673,1286896,0,1458456249,6430.712294,2037169,0,3627879386
2241190237,7504.772009,1286896,0,4045060947,10994.58916,2037171,0,9910992867
160865889,4865.425018,549118,0,716043813.4,7010.119239,794058,0,1659664244
121127090,2308.9224,3106087,0,1042500678,5620.326191,8138631,0,9328480091
19542502,4265.833719,1286893,0,1736320283,43618.2554,93779591,0,3.40E+12
495178605,4750.756137,1286893,0,2961281438,7346.795417,2037161,0,7390454019
33300246,1159.837663,3106007,0,154305837.1,2593.145583,93821476,0,43321855600
7204192,9156.059988,1872125,0,4599034038,22408.13712,10998646,0,77162917416
105838665,2217.726917,1872132,0,312127328.4,4594.281426,4965640,0,3971442922
554602188,2906.495278,1653921,0,644173590.8,7619.633329,4965754,0,8172075063
50714939,2685.481737,3105976,0,1140260455,5953.256156,4965793,0,6284504379
134066573,6408.224044,1286813,0,4620427192,10280.91257,2037071,0,11639149183
776022362,4292.065513,3105969,0,2175070306,9362.438443,4965905,0,11398569342
1574883223,4314.443267,1872136,0,2904081496,9560.751865,4358199,0,13421477542
2920630870,13581.20188,1286811,0,12933782074,18703.3662,2037072,0,25392676496
616250395,1084.590993,20590,0,3018009.771,1492.261949,237133,0,69790978.77
2918468129,6909.923259,1286811,0,3112772061,11196.57674,2037074,0,6499310185
27850283,3881.493497,3105968,0,1707667198,7691.504155,8138960,0,11020211190
17484283,3163.278968,1045859,0,658186683.4,6111.282376,2803850,0,4704687575
2406093795,3375.011051,1872147,0,1231088038,6418.762523,4358278,0,5789996573
3300348927,8449.580131,1657320,0,4529904142,12098.04499,3237054,0,13614593213
2909778327,3071.945946,36013,123,37011557.78,4689,39015,24,80401261.08
2864633810,7064.478395,1286836,0,5252330968,10822.04321,2037074,0,13205877175
166598394,3070.51102,3105962,0,1624610686,5587.631421,4699484,0,5090761183
2958634360,5492.068604,1678819,0,3880112991,7893.383374,3239824,0,12208163892
2909523371,6029.374663,1286810,2,4658512228,11008.77898,2037063,0,12094882720
59220183,7736.542601,1286810,0,4303268193,11728.53363,2037063,0,10429972140
371201577,3091.28625,1543373,0,1119546135,6388.561821,8139134,0,15328224809
16134235,2811.29173,1543373,0,1029288496,5517.283886,8139148,0,11228252079
113176198,4584.400347,1286810,0,1083109965,9178.049935,3860795,0,10214353969
2866227028,1579.226804,16138,4,7296905.309,6422.154639,279674,2,907692522
472105019,3900.988652,1286810,0,1434563852,5354.948598,2037064,0,3279743578
2857724140,10041.35238,1286810,0,7025669734,16281.27937,2037064,0,17015041661
132992219,4172.378928,1286810,0,3080883654,7021.48244,2037064,0,7825743884
804596460,3556.582903,1882910,0,1313723697,8897.510686,4967182,0,10905458683
2885995521,1462.08805,23712,2,6149082.143,1934.169811,60222,2,39191234.68
49619469,3459.586538,1883828,0,1062145551,6228.303365,4359058,0,5958191057
529709785,10363.53234,1543370,6,6721420616,22786.33706,8139153,0,91061332162
45158266,1934.263505,1884895,0,721879377,4818.893193,4967204,0,6730239382
38671387,2813.753343,825759,0,723527916.1,6005.08321,2330789,0,4263053585
307306756,5527.22973,395749,5,1130149987,8713.261261,421374,1,1892071215
4213022061,8624.283582,259601,11,1426821377,15047.83582,577123,1,5469341507
232276399,8182.972632,1884903,0,6198039215,19605.17158,5974265,0,62551409015
3164087579,3735.686935,809019,0,829107070.4,8112.188168,2330798,0,6307124874
624651717,4601.814184,1286802,0,1539353723,9173.87234,2037055,0,5673879500
2173779986,2296.42519,1286800,0,425619370.3,5345.930326,2131936,0,2769424854
484144984,4304.703422,345632,10,541702820.2,5659.809886,365276,1,901942553
1249324855,2668.73913,83562,15,101896954.1,4862.362319,76073,2,188906521.6
460401829,1647.644434,1891426,0,294159356.7,3174.472634,4967613,0,2332854736
357704448,6802.024194,1286699,11,4696466407,12337.4879,2036980,0,14292099411
212209552,2194.393567,1286695,0,773714587.8,3406.386313,2036979,0,1958686510
43865757,4241.735287,3105736,0,3720839627,7660.559496,4699111,0,9954939460
29492215,8749.469914,1286747,3,4150312942,13249.57593,2036976,0,8557754298
132170123,2971.390287,1512960,0,810334164.9,8034.33995,4968687,0,10265309900
3092429597,3671.077525,1458914,0,1125208497,7755.131942,2331537,0,5289429292
103879974,3171.861434,3105731,0,1406546856,6542.74137,4968749,0,7870856401
2427225234,2945.923529,83969,4,74257285.91,5045.558824,279841,1,550128493.2
1249324855,2669.550725,83580,15,101941404.5,4862.550725,76088,2,188886436.2
462438783,8705.797571,1286741,2,6689292480,14394.10931,2036961,1,17047606360
450711709,5236.909548,1286741,0,3106513600,8582.998325,2036961,1,7963037523
1249324855,2668.782609,83586,0,101960659.7,4863.014493,76100,2,188917843.7
29255232,4914.375375,556974,0,657809667.7,7452.586336,1086217,0,1886384829
460401829,1642.706431,1923124,0,294086900.6,3165.121909,4969195,0,2330719814
18020612,1089.448415,3105223,0,236953743,2176.926791,12798468,0,3576299474
2888502291,7205.526515,1286668,31,6281448385,11290.01136,2036822,1,15994093319
22993503,4792.582616,1286668,0,2108409705,8074.25372,2036822,0,5973648984
863136661,3227.831994,1543083,0,1382585223,8665.684441,8141892,0,20312769061
60930555,2900.409619,766702,0,978277846.9,4414.426202,829988,0,1376745498
224655400,1785.2643,1223676,0,323642102.5,3958.517069,4973041,0,2958145773
462438783,8709.846154,1286656,0,6689126317,14405.53441,2036823,1,17046105297
450711709,5281.433836,1286656,2,3109571974,8653.211055,2036823,1,7969574537
56999787,1361.702018,3105140,0,251590789.4,2466.666247,5969349,0,2082072276
1254079789,2800.27553,2017461,0,1132027920,5341.810716,4378145,0,5449221998
2601366250,2955.033765,418654,0,328250052.1,7773.783274,2334043,0,5607997396
107142210,3295.904762,36258,15,36595115.87,8428.607143,280124,2,1076355438
7.20E+17,4501,4501,4501,0,1228,1228,1228,0
206363542,2799.32588,2243051,0,1400991961,4296.990938,4047671,0,4589283435
2147777113,56444.76185,1969417,0,38542981928,75942.76671,3235539,1,8.01E+20
1321222508,7509.604343,1433195,0,5403495768,10509.22316,2036758,0,10190061815